,compound,date,handle,negative,neutral,positive,text,tweets_ago
0,0.0,Mon Jul 02 07:27:05 +0000 2018,@BBC,0.0,1.0,0.0,An experiment using a vending machine specifically designed for crows has revealed something about how intelligence‚Ä¶ https://t.co/ND20eqlIZ3,0
1,0.0,Mon Jul 02 07:03:02 +0000 2018,@BBC,0.0,1.0,0.0,üèÉüèª‚Äç‚ôÇÔ∏è This Scottish teenager has mind-blowing #parkour skills. https://t.co/SlvAKocTJ2,1
2,0.8299,Sun Jul 01 20:43:50 +0000 2018,@BBC,0.0,0.71,0.29,"RT @BBC6Music: üëè What was the best gig you saw in June?

üéü What exciting things have you got coming up in July?",2
3,0.6588,Sun Jul 01 19:36:52 +0000 2018,@BBC,0.0,0.845,0.155,"RT @bbc5live: ‚ÄúWe said jokingly, ‚Äòis it a shark?!‚Äô‚Äù üò≤ü¶à

A great white shark has been spotted in Spanish waters for the first time in over 4‚Ä¶",3
4,0.4019,Sun Jul 01 19:27:02 +0000 2018,@BBC,0.0,0.87,0.13,"Get unprecedented access to the hidden world of elite gymnasts in Russia. ü§∏‚Äç‚ôÄÔ∏è

Storyville: Olympic Dreams of Russi‚Ä¶ https://t.co/2ZhaGsysoa",4
5,-0.2957,Sun Jul 01 19:02:03 +0000 2018,@BBC,0.176,0.657,0.168,"‚úàÔ∏èüåç @RomeshRanga travels way beyond his comfort zone to some of the most beautiful, but dangerous, places on earth.‚Ä¶ https://t.co/ud4Vni3WW2",5
6,-0.0516,Sun Jul 01 18:00:19 +0000 2018,@BBC,0.273,0.515,0.211,"Why were these photos of the Great Depression censored using a hole punch?
https://t.co/LijCpCURdC",6
7,0.5994,Sun Jul 01 17:58:17 +0000 2018,@BBC,0.0,0.822,0.178,"RT @BBCSport: Two-time champion Andy Murray has withdrawn from #Wimbledon on the eve of the tournament.

More: https://t.co/Ngi3D5UZQF http‚Ä¶",7
8,0.0,Sun Jul 01 17:07:02 +0000 2018,@BBC,0.0,1.0,0.0,Experienced sailor Emily Penn has set out with an all-female crew to investigate the world's largest accumulation o‚Ä¶ https://t.co/WQ0W3RPHRk,8
9,0.0,Sun Jul 01 16:32:14 +0000 2018,@BBC,0.0,1.0,0.0,"RT @BBCMOTD: Bring on penalties!

#ESPRUS #WorldCup https://t.co/feSCpfSUWI",9
10,0.0,Sun Jul 01 16:06:03 +0000 2018,@BBC,0.0,1.0,0.0,"üòê This is what happens when you hire an arts and crafts teacher to freshen up a 16th-Century wooden sculpture.
üëâ‚Ä¶ https://t.co/S6gXo5Yfgv",10
11,0.0,Sun Jul 01 15:07:02 +0000 2018,@BBC,0.0,1.0,0.0,When Natasha was 14 she had nowhere to call home. https://t.co/O5w2JzIWFh,11
12,0.9096,Sun Jul 01 14:19:37 +0000 2018,@BBC,0.0,0.582,0.418,RT @BBCTwo: Happy #CanadaDay to the hilarious @kathbum! Here are all your very best bits from #LiveAtTheApollo! ‚ù§Ô∏èüá®üá¶ https://t.co/VHpkGeR2ia,12
13,0.5574,Sun Jul 01 13:32:20 +0000 2018,@BBC,0.0,0.841,0.159,"RT @BBCScotland: The remarkable Viking discovery on the Isle of Skye.

See more from Scotland from the Sky https://t.co/FRtwE5IzGA https://‚Ä¶",13
14,0.0516,Sun Jul 01 13:08:41 +0000 2018,@BBC,0.252,0.485,0.262,RT @bbcthree: Georgina organises parties to help combat loneliness. She's 96 years old. https://t.co/VGZ1LB6FoW,14
15,0.5859,Sun Jul 01 13:04:05 +0000 2018,@BBC,0.0,0.678,0.322,‚ù§Ô∏è What a lovely thing to do for someone. https://t.co/goE9GEi8k0,15
16,-0.296,Sun Jul 01 11:53:09 +0000 2018,@BBC,0.145,0.855,0.0,"RT @bbcstories: The incredible 23-year-old @SherrieSilver, who choreographed Childish Gambino's (@donaldglover‚Äôs) #ThisIsAmerica video, say‚Ä¶",16
17,0.7269,Sun Jul 01 11:52:12 +0000 2018,@BBC,0.0,0.747,0.253,"RT @bbcarts: David Attenborough on the artistic abilities of animals, including the great reed warbler, peacock jumping spider and Japanese‚Ä¶",17
18,0.0,Sun Jul 01 11:04:03 +0000 2018,@BBC,0.0,1.0,0.0,Got a sour taste in your mouth? https://t.co/sFxRSJzwaN,18
19,-0.7003,Sun Jul 01 10:08:02 +0000 2018,@BBC,0.266,0.734,0.0,"‚òÑÔ∏èüî≠ 71 years after her death, the UK's forgotten astronomer Annie Maunder is finally getting some recognition. https://t.co/fjWUaZC4zQ",19
20,0.4303,Sun Jul 01 09:03:08 +0000 2018,@BBC,0.07,0.742,0.188,üá¨üáß Life on Great Britain's outer islands is not always easy - but that hasn't stopped people making them their home‚Ä¶ https://t.co/5654v897yH,20
21,0.0,Sun Jul 01 08:07:00 +0000 2018,@BBC,0.0,1.0,0.0,"How did we get here; to a world full of plastic?

#PlasticsAction https://t.co/LwY3W2RC61",21
22,-0.128,Sun Jul 01 07:04:01 +0000 2018,@BBC,0.133,0.753,0.115,"Half of all people who drown never intended to be in the water.

Knowing how to stay afloat could save your life üëá https://t.co/94IezeCREn",22
23,0.5707,Sat Jun 30 19:56:38 +0000 2018,@BBC,0.0,0.85,0.15,"RT @5liveSport: FT:

#URU 2 - 1 #POR

Portugal, the reigning European champions, are out of the #WorldCup!

Uruguay will face #FRA in the q‚Ä¶",23
24,-0.5106,Sat Jun 30 19:50:50 +0000 2018,@BBC,0.356,0.491,0.153,RT @bbcthree: Would you criticise a stranger like you criticise yourself? https://t.co/VXiSiSZQ8n,24
25,-0.6705,Sat Jun 30 19:27:05 +0000 2018,@BBC,0.234,0.766,0.0,"With plastic protests around the country and a proposed ban on cotton buds, is plastic becoming the ‚Äònew fur‚Äô?
üëâ‚Ä¶ https://t.co/i5U2OGUYET",25
26,0.0,Sat Jun 30 18:28:48 +0000 2018,@BBC,0.0,1.0,0.0,RT @BBCWorld: Unesco announces new heritage sites around the world https://t.co/8UoJausebb,26
27,0.0,Sat Jun 30 18:12:00 +0000 2018,@BBC,0.0,1.0,0.0,"üò®üëÄ This AI software uses wireless signals to watch you... even through walls.
(via @BBCClick) https://t.co/T7ne9ZYpX0",27
28,0.3802,Sat Jun 30 17:04:00 +0000 2018,@BBC,0.0,0.834,0.166,"üí™üëï Doing laundry on Fair Isle is not for the faint-hearted!
(via @BBCScotland) https://t.co/EAgT1mt6Ak",28
29,0.0,Sat Jun 30 16:04:06 +0000 2018,@BBC,0.0,1.0,0.0,üéß‚úä DJ Switch has big plans for the future. https://t.co/b5CY3vEX7Q,29
30,0.0,Sat Jun 30 16:03:09 +0000 2018,@BBC,0.0,1.0,0.0,"RT @5liveSport: What a stat üî•‚öΩÔ∏è

Mbappe is the first teenager to score at least twice in a #WorldCup match since Pele ü§©üëè

#FRA 4-2 #ARG

Li‚Ä¶",30
31,-0.3818,Sat Jun 30 15:07:03 +0000 2018,@BBC,0.157,0.843,0.0,"üíÑ Does your lipstick threaten the future of one of our closest living relatives?
üëâ https://t.co/ldRFuFMJ23 https://t.co/pFccqj1CXS",31
32,0.5509,Sat Jun 30 13:40:13 +0000 2018,@BBC,0.0,0.835,0.165,"RT @Wimbledon: ""It was one of the most emotional matches I played in my career. That final had a big impact on my tennis and personal life""‚Ä¶",32
33,0.0,Sat Jun 30 12:58:04 +0000 2018,@BBC,0.0,1.0,0.0,"ü¶Äüò≤ The 'dresser crab' decorates itself with seaweed, sponges and pearls to ward off predators!
#QI https://t.co/l4ziAmbx92",33
34,0.5719,Sat Jun 30 12:13:52 +0000 2018,@BBC,0.0,0.866,0.134,RT @bbcideas: Another unsung heroine you need to know. The life of Mary Anning - told using sand and pebbles from the beach where she worke‚Ä¶,34
35,0.8224,Sat Jun 30 12:13:40 +0000 2018,@BBC,0.0,0.703,0.297,"RT @BBCBreakfast: üêª The first Sun Bear to ever born in the UK! üòç
How amazing is this little miracle bear? https://t.co/wyRRiXO7eX",35
36,0.0,Sat Jun 30 12:07:04 +0000 2018,@BBC,0.0,1.0,0.0,üå≤üå≥ Where exactly did Iceland's trees go? https://t.co/Trrrl2KTg2,36
37,0.0,Sat Jun 30 11:05:01 +0000 2018,@BBC,0.0,1.0,0.0,üòÇ A colour guide for your next spray tan‚Ä¶ https://t.co/MuUMV7qJDH,37
38,0.1007,Sat Jun 30 10:02:04 +0000 2018,@BBC,0.0,0.878,0.122,"üöÑüòΩüéÄ All aboard Japan's new #HelloKitty themed bullet train!
üëâ https://t.co/8wiL4MDt0W https://t.co/qTplQ9GNdw",38
39,-0.4404,Sat Jun 30 09:23:10 +0000 2018,@BBC,0.208,0.683,0.109,"RT @BBCWalesNews: ‚ù§Ô∏èÔ∏è Nothing was going to stop World War Two pilot Ian Kerr-Bonner from saying a final goodbye to his oldest friend

#Arme‚Ä¶",39
40,0.0,Sat Jun 30 09:05:03 +0000 2018,@BBC,0.0,1.0,0.0,üå≥ How trees secretly talk to each other.  https://t.co/IuLAvWPwKj,40
41,0.0,Sat Jun 30 08:19:13 +0000 2018,@BBC,0.0,1.0,0.0,"RT @bbc5live: It‚Äôs World Asteroid DayüöÄ

Abigail Harrison, astrobiologist and aspiring astronaut answered all of @chriswarburton_  and 8 yea‚Ä¶",41
42,0.0,Sat Jun 30 08:04:06 +0000 2018,@BBC,0.0,1.0,0.0,ü§ñüò∑ Claims that a chatbot can diagnose medical conditions as accurately as a GP have sparked a row between the softw‚Ä¶ https://t.co/USXmTRpcyy,42
43,-0.8689,Sat Jun 30 07:02:00 +0000 2018,@BBC,0.521,0.479,0.0,"A heartbreaking look at how our discarded plastics are killing wildlife.
#PlasticsAction https://t.co/R3lZNSDtMa",43
44,0.0772,Fri Jun 29 18:01:04 +0000 2018,@BBC,0.0,0.843,0.157,üòÇ Dropping MAJOR hints that you want a lift‚Ä¶ https://t.co/BC9bJWyOky,44
45,0.0,Fri Jun 29 15:18:58 +0000 2018,@BBC,0.0,1.0,0.0,"üèáüí® Leaving work on a Friday like...
#FridayFeeling https://t.co/3sGXNH5eqM",45
46,-0.7184,Fri Jun 29 15:05:41 +0000 2018,@BBC,0.37,0.522,0.109,"RT @bbcthree: Terrifying ‚úÖ
Awkward  ‚úÖ
Disappointing  ‚úÖ

Turns out @rachelparris' Tinder experience was exactly like everyone else's https:/‚Ä¶",46
47,0.1779,Fri Jun 29 13:01:05 +0000 2018,@BBC,0.0,0.918,0.082,"üò≠‚ô•Ô∏è A cleaner at @BristolUni has been gifted ¬£1,500 after students crowdfunded the money to send him to Jamaica.
üëâ‚Ä¶ https://t.co/RDpCFhIj9j",47
48,0.296,Fri Jun 29 12:51:35 +0000 2018,@BBC,0.0,0.905,0.095,RT @bbcarts: Meet the six new musicians from around the globe who have been selected to join @BBCRadio3's prestigious New Generation Artist‚Ä¶,48
49,0.0,Fri Jun 29 12:00:19 +0000 2018,@BBC,0.0,1.0,0.0,"ü§î How many mysterious body parts can you identify from these hyper zoomed in photos?
#JuniorDoctors https://t.co/miuPM0KycI",49
50,0.2023,Fri Jun 29 11:03:07 +0000 2018,@BBC,0.0,0.893,0.107,"‚ö°Ô∏è How it feels to be hit by lightning + other one in a million chances.
üëâ https://t.co/KXzFEzk1rI https://t.co/ZTWl0ZOE0m",50
51,0.3612,Fri Jun 29 09:56:50 +0000 2018,@BBC,0.0,0.848,0.152,RT @bbcthree: Endometriosis feels like being punched in the vagina with sharp knives. #HearHer https://t.co/pOuZyJObic,51
52,0.0,Fri Jun 29 08:00:12 +0000 2018,@BBC,0.0,1.0,0.0,‚ôªÔ∏èüíµüá¨üá≠ Turning plastic trash into cash in Ghana. https://t.co/v3CTho7nnD,52
53,0.0,Fri Jun 29 07:29:06 +0000 2018,@BBC,0.0,1.0,0.0,"New research shows that our views, even on politics, are changing all the time... just not for the reasons you‚Äôd ex‚Ä¶ https://t.co/iMz9pEItxv",53
54,0.5859,Fri Jun 29 07:00:12 +0000 2018,@BBC,0.0,0.648,0.352,üêõüòÇ Have you ever tried worm charming? https://t.co/S8BPzCmE8N,54
55,-0.296,Thu Jun 28 19:05:04 +0000 2018,@BBC,0.099,0.901,0.0,Tesla chief executive Elon Musk has been accused of using an image of a farting unicorn for his business without pe‚Ä¶ https://t.co/kbq6rFYcrM,55
56,0.0,Thu Jun 28 18:02:05 +0000 2018,@BBC,0.0,1.0,0.0,Can changing your body change your life? https://t.co/be3u67fFFS,56
57,0.4696,Thu Jun 28 16:13:35 +0000 2018,@BBC,0.0,0.861,0.139,RT @bbcthree: Housemates who never take the bins out? A girlfriend who keeps forgetting your name? Let Uncle @RomeshRanga help https://t.co‚Ä¶,57
58,-0.128,Thu Jun 28 16:00:25 +0000 2018,@BBC,0.155,0.711,0.134,"Half of all people who drown never intended to be in the water.

Knowing this could save a life üëá https://t.co/94IezeCREn",58
59,0.0,Thu Jun 28 15:52:28 +0000 2018,@BBC,0.0,1.0,0.0,"RT @BBC6Music: If you could pick just one Erykah Badu (@fatbellybella) tune, which would you choose?

Here's @JanelleMonae on one - maybe t‚Ä¶",59
60,0.4963,Thu Jun 28 15:22:37 +0000 2018,@BBC,0.052,0.761,0.188,"RT @BBCR1: TONIGHT Elton John (@eltonofficial) picks the Party Playlist for @AnnieMac - you don't want to miss this! Expect Aretha, Rihanna‚Ä¶",60
61,0.6369,Thu Jun 28 13:00:23 +0000 2018,@BBC,0.09,0.676,0.234,"Narcissists might be irritating attention seekers - but they are also *annoyingly* likely to be successful, accordi‚Ä¶ https://t.co/yguYXaIv0d",61
62,0.0,Thu Jun 28 12:02:08 +0000 2018,@BBC,0.0,1.0,0.0,üò≤ Raghda Ezzeldin can hold her breath under water for more than five minutes! https://t.co/x8hOifrjWI,62
63,-0.3818,Thu Jun 28 11:47:05 +0000 2018,@BBC,0.115,0.885,0.0,"RT @BBCNews: Prince William is expected to visit his great-grandmother's grave in Jerusalem.

She was Princess Alice of Greece, who helped‚Ä¶",63
64,0.0,Thu Jun 28 11:16:03 +0000 2018,@BBC,0.0,1.0,0.0,ü¶î A hedgehog which it is thought could be the world's fattest has been placed on a strict diet and exercise regime.‚Ä¶ https://t.co/351IQDFz3F,64
65,0.1531,Thu Jun 28 10:12:00 +0000 2018,@BBC,0.0,0.833,0.167,"Plastic. It‚Äôs durable, dependable and virtually indestructible.

#PlasticsAction https://t.co/4wNNoNfvPt",65
66,0.0,Thu Jun 28 08:01:07 +0000 2018,@BBC,0.0,1.0,0.0,Minimalism is not just about having few possessions. https://t.co/0rRvrVm6Sz,66
67,-0.5994,Thu Jun 28 07:25:04 +0000 2018,@BBC,0.206,0.794,0.0,"What would happen if we knew when and how we were going to die?
üëâ https://t.co/S0q9fwOYBs https://t.co/tLLJOAjuZX",67
68,0.5106,Thu Jun 28 07:01:02 +0000 2018,@BBC,0.0,0.777,0.223,"How do you convince millions of people living off-grid in India to embrace solar power?
#BBCTakingTheTemperature https://t.co/VmIq95ebZb",68
69,-0.7351,Wed Jun 27 20:01:05 +0000 2018,@BBC,0.267,0.733,0.0,"A raw and unfiltered insight into the bloodiest conflict since the Second World War.

Storyville: This is Congo | 1‚Ä¶ https://t.co/8biUiR6fAI",69
70,0.0,Wed Jun 27 19:02:01 +0000 2018,@BBC,0.0,1.0,0.0,"üòÇ  @Cher's ""criminal"" past is üò≥...
#TheGNShow https://t.co/O3bSFbOaO9",70
71,0.0,Wed Jun 27 18:00:25 +0000 2018,@BBC,0.0,1.0,0.0,üéß Can you believe DJ Switch only started DJ-ing a year ago? https://t.co/b5CY3vEX7Q,71
72,-0.4215,Wed Jun 27 16:04:05 +0000 2018,@BBC,0.259,0.741,0.0,Something deadly lies beneath the ice in Iceland... https://t.co/IqWwmtfTkk,72
73,0.0,Wed Jun 27 15:09:27 +0000 2018,@BBC,0.0,1.0,0.0,"üï∫ *Knight Fever* 

Bee Gee Sir Barry Gibb paid tribute to his late brothers as he collected his knighthood on Tuesd‚Ä¶ https://t.co/LLIHYKRfhR",73
74,0.0,Wed Jun 27 14:42:13 +0000 2018,@BBC,0.0,1.0,0.0,RT @bbccomedy: Some writing advice from an expert... #NationalWritingDay @RealMattLucas @davidwalliams https://t.co/lz2MQzpvKY,74
75,0.0,Wed Jun 27 13:05:07 +0000 2018,@BBC,0.0,1.0,0.0,"French butchers have written to the government asking for protection against militant vegans.
üëâ‚Ä¶ https://t.co/6pgMQ46tUR",75
76,-0.5106,Wed Jun 27 11:52:00 +0000 2018,@BBC,0.35,0.65,0.0,‚òïÔ∏è How a simple change is cutting coffee cup waste https://t.co/kkbcSZvFn3,76
77,0.9403,Wed Jun 27 11:39:52 +0000 2018,@BBC,0.0,0.536,0.464,"RT @BBCBreakfast: Dear Summer, ‚òÄÔ∏è
We're enjoying this lovely weather. Can you stay?
Lots of love - The entire UK x
#heatwave https://t.co/g‚Ä¶",77
78,0.0,Wed Jun 27 11:03:04 +0000 2018,@BBC,0.0,1.0,0.0,"ü¶îüßô Did you know people used to think hedgehogs were witches?

Here are nine things you might not know about the hum‚Ä¶ https://t.co/Wj7a5idS4m",78
79,0.0,Wed Jun 27 09:30:20 +0000 2018,@BBC,0.0,1.0,0.0,"üòê This is what happens when you hire an arts and crafts teacher to freshen up a 16th-Century wooden sculpture.
üëâ‚Ä¶ https://t.co/qVNcgsGM8C",79
80,0.6114,Wed Jun 27 08:47:40 +0000 2018,@BBC,0.05,0.756,0.194,RT @BBCArchive: Computer geeks - this is your lucky day! You can now watch all 146 original programmes and run 161 programs from the 1980s‚Ä¶,80
81,0.0,Wed Jun 27 08:01:05 +0000 2018,@BBC,0.0,1.0,0.0,üëü @MumsnetTowers founder @Justine_Roberts on why you should always wear trainers to work. https://t.co/FgTPRo5Agm,81
82,0.5106,Wed Jun 27 07:29:04 +0000 2018,@BBC,0.051,0.791,0.158,"üò¥ The colour cyan - between green and blue - is a hidden factor in encouraging or preventing sleep, according to bi‚Ä¶ https://t.co/HogBXzm2Y5",82
83,0.4939,Wed Jun 27 07:01:05 +0000 2018,@BBC,0.0,0.856,0.144,Inside the community where people with learning disabilities and the people who care for them live and work togethe‚Ä¶ https://t.co/LurfYqtc84,83
84,0.0,Tue Jun 26 21:20:15 +0000 2018,@BBC,0.0,1.0,0.0,"RT @BBC6Music: Did @kanyewest and @theweeknd ""blatantly"" rip off @nineinchnails' live show?

Weds, Noon BST: Nine Inch Nails' @trent_reznor‚Ä¶",84
85,0.0,Tue Jun 26 19:05:08 +0000 2018,@BBC,0.0,1.0,0.0,"üòéüî•üç¶ Hot temperatures in the UK are expected to last until the weekend.
üëâ https://t.co/ZhZVaKJuqf

#HeatwaveUK https://t.co/smTw2ule2v",85
86,0.296,Tue Jun 26 18:03:06 +0000 2018,@BBC,0.074,0.792,0.134,"Tonight, @itsanitarani and @bbcnickrobinson ask tough questions about the NHS in a special live event. 

 NHS at 70‚Ä¶ https://t.co/Wu4ECf7qic",86
87,0.0,Tue Jun 26 17:02:02 +0000 2018,@BBC,0.0,1.0,0.0,How would you feel if the builder only made you half a house? https://t.co/yaWB0USzex,87
88,0.0,Tue Jun 26 16:33:41 +0000 2018,@BBC,0.0,1.0,0.0,"RT @bbcwritersroom: Tomorrow, Wednesday 27th June is #NationalWritingDay! @writeday

As part of the events we're running a live Twitter Q&amp;A‚Ä¶",88
89,0.0,Tue Jun 26 16:00:15 +0000 2018,@BBC,0.0,1.0,0.0,üçÖ You can grow tomatoes in Iceland?!   https://t.co/ndmcf1SL8y,89
90,0.0,Tue Jun 26 14:52:03 +0000 2018,@BBC,0.0,1.0,0.0,"RT @BBCWales: #ToProvideAllPeople: A star-studded film written by @OwenSheers to mark #NHS70.

Starring @MichaelSheen, @TeamEveMyles, @Pack‚Ä¶",90
91,0.836,Tue Jun 26 14:32:33 +0000 2018,@BBC,0.0,0.683,0.317,"RT @BBCRadio2: To celebrate the anniversary of 1988's second Summer of Love, @djgarydavies, @ZoeTheBall, and @MsAnaMatronic are heading to‚Ä¶",91
92,0.6114,Tue Jun 26 13:12:16 +0000 2018,@BBC,0.0,0.818,0.182,"RT @BBCR1: Happy Birthday, @ArianaGrande! üéà‚ú®

Here's a throwback to her offering some 10/10 relationship advice to callers on @R1Breakfast‚Ä¶",92
93,0.0,Tue Jun 26 12:58:04 +0000 2018,@BBC,0.0,1.0,0.0,"üöÑüòΩüéÄ Japan has unveiled a pink bullet train themed around the cartoon character #HelloKitty.
üëâ‚Ä¶ https://t.co/uPA1cevSHt",93
94,0.5267,Tue Jun 26 12:02:04 +0000 2018,@BBC,0.0,0.673,0.327,"Activist
Poet
Director
Actor
Writer...

...and inspiration https://t.co/oOpo1fJV5K",94
95,0.0,Tue Jun 26 11:02:03 +0000 2018,@BBC,0.0,1.0,0.0,"üçïüíê Would you say 'I dough' to this pizza bouquet?
üëâ https://t.co/HqnBOtPZlN https://t.co/BJqFMcpWKv",95
96,0.0,Tue Jun 26 09:30:00 +0000 2018,@BBC,0.0,1.0,0.0,"üåç‚ôªÔ∏èüí•üëä
What will your #PlasticsAction be? https://t.co/QQ1ZBgNyZN",96
97,-0.2732,Tue Jun 26 08:00:16 +0000 2018,@BBC,0.139,0.861,0.0,Turns out you're biased in all sorts of ways you may not realise. https://t.co/yZ0ziOfX2L,97
98,-0.7717,Tue Jun 26 07:26:08 +0000 2018,@BBC,0.295,0.705,0.0,"Seabirds are starving to death on the remote Lord Howe Island, a crew filming for the @BBCOne documentary‚Ä¶ https://t.co/XHDOBZn5Yb",98
99,0.5994,Tue Jun 26 07:00:12 +0000 2018,@BBC,0.0,0.738,0.262,üíï Julie is the childcare champion in the heart of the Gorbals. https://t.co/LcdEhzyTBG,99
100,0.0,Wed Jun 27 20:31:32 +0000 2018,@CBS,0.0,1.0,0.0,What‚Äôs summer without @CBSBigBrother? ‚òÄÔ∏è RT if you‚Äôre counting down the hours to the #BB20 premiere TONIGHT at 8/7c‚Ä¶ https://t.co/Xp1s4Fp5J8,0
101,0.7574,Wed Jun 27 14:00:01 +0000 2018,@CBS,0.0,0.711,0.289,"It looks like you...

(‚Ä¢_‚Ä¢)
( ‚Ä¢_‚Ä¢)&gt;‚åê‚ñ†-‚ñ†
(‚åê‚ñ†_‚ñ†)

Have a lot of TV to watch!

Celebrate #NationalSunglassesDay with H‚Ä¶ https://t.co/Babt4ajIgV",1
102,0.5574,Mon Jun 25 18:20:25 +0000 2018,@CBS,0.0,0.796,0.204,The world will finally know the truth. ‚òÑÔ∏è Make sure to tune in to the heart-pounding Season 2 premiere of‚Ä¶ https://t.co/mqMleW90DY,2
103,0.1867,Fri Jun 22 21:19:06 +0000 2018,@CBS,0.0,0.902,0.098,Tonight's the night! Don't miss model @ashleygraham on the season finale of Celebrity @undercover_cbs at 8/7c. https://t.co/iBxAOcOF7a,3
104,0.4199,Fri Jun 22 18:33:53 +0000 2018,@CBS,0.0,0.811,0.189,"Every day is #TakeYourDogToWorkDay for shows like @HawaiiFive0CBS, @MomCBS, @SEALTeamCBS, and @bigbangtheory! https://t.co/DJaOt1VQcw",4
105,0.4926,Thu Jun 21 23:29:50 +0000 2018,@CBS,0.0,0.758,0.242,"Lights, camera, selfie! üì∏¬†Could there be a better photo for #NationalSelfieDay? https://t.co/14Ewx64yKC",5
106,0.3555,Wed Jun 20 00:39:01 +0000 2018,@CBS,0.136,0.642,0.222,There‚Äôs nothing quite like watching a contestant win a brand new car on @PriceIsRight. üëè  https://t.co/aKlFikYAMM,6
107,0.0,Mon Jun 18 20:27:50 +0000 2018,@CBS,0.0,1.0,0.0,Time to make your predictions for #BB20! üëè Get to know the @CBSBigBrother Houseguests before the big premiere next‚Ä¶ https://t.co/jlpIchJ9sk,7
108,0.0,Mon Jun 18 15:00:46 +0000 2018,@CBS,0.0,1.0,0.0,RT @CBSBigBrother: Meet the cast of #BB20... before anyone else! Start streaming all their live interviews beginning at 11am EST/8am PST on‚Ä¶,8
109,0.9392,Sun Jun 17 13:00:01 +0000 2018,@CBS,0.0,0.507,0.493,"Today and every day we celebrate their love, guidance, and support. Happy #FathersDay to every kind of dad! https://t.co/Wffax1khBH",9
110,0.3595,Fri Jun 15 18:48:29 +0000 2018,@CBS,0.0,0.872,0.128,"Casting Alert! @paulwesley, @DaniaJRamirez &amp; @JamesWolk are set to star in the upcoming CBS All Access psychologica‚Ä¶ https://t.co/JnZMrzT92n",10
111,-0.296,Thu Jun 14 17:30:00 +0000 2018,@CBS,0.167,0.833,0.0,"In case you missed it, watch the entire #TonyAwards now: https://t.co/Bm0yNV3Ff3 https://t.co/h3YnFkmSQJ",11
112,0.1779,Thu Jun 14 16:19:32 +0000 2018,@CBS,0.12,0.734,0.147,RT @StrangeAngel: Mastermind or maniac? Explore the brilliant mind of Jack Parsons in #StrangeAngel. Now streaming on CBS All Access: https‚Ä¶,12
113,-0.5562,Tue Jun 12 00:19:23 +0000 2018,@CBS,0.315,0.551,0.134,"No pain, no gain, ALL Hart! Just one month until the premiere of @TKOCBS hosted by @KevinHart4real. https://t.co/C1yMCglxVn",13
114,0.5093,Mon Jun 11 22:23:06 +0000 2018,@CBS,0.0,0.829,0.171,"RT @TheNeighborhood: Welcome to #TheNeighborhood, @BethBehrs! The @2BrokeGirls star returns to @CBS in a new sitcom alongside @CedEntertain‚Ä¶",14
115,-0.296,Mon Jun 11 19:01:38 +0000 2018,@CBS,0.167,0.833,0.0,"In case you missed it, watch the entire #TonyAwards now: https://t.co/Bm0yNV3Ff3 https://t.co/3GA5otlcPa",15
116,0.0,Mon Jun 11 14:00:37 +0000 2018,@CBS,0.0,1.0,0.0,How do you know @SaraBareilles and @joshgroban's music? #TonyAwards https://t.co/POMXBORfUT,16
117,0.0,Mon Jun 11 06:19:36 +0000 2018,@CBS,0.0,1.0,0.0,Here are all the performances from the 2018 #TonyAwards: https://t.co/gN4ItpFlRd https://t.co/fSMNBXKC9r,17
118,0.4767,Mon Jun 11 06:04:41 +0000 2018,@CBS,0.0,0.78,0.22,See the complete list of winners from the 2018 #TonyAwards: https://t.co/9XK6CGeber https://t.co/HkUIN4Quej,18
119,0.8478,Mon Jun 11 03:10:33 +0000 2018,@CBS,0.0,0.594,0.406,An end to a magical evening. The Band's Visit wins for Best Musical! #TonyAwards https://t.co/ODza97n8YH,19
120,0.92,Mon Jun 11 03:02:06 +0000 2018,@CBS,0.0,0.537,0.463,Congratulations are in order for @TheKatrinaLenk! She just won for Best Leading Actress in a Musical. #TonyAwards https://t.co/t9bNvpiEmH,20
121,0.0,Mon Jun 11 02:58:30 +0000 2018,@CBS,0.0,1.0,0.0,"RT @CBSThisMorning: Hmm... something seems off here @SaraBareilles @JoshGroban. üòÇ

@WaitressMusical @GreatCometBway #TonyAwards https://t.c‚Ä¶",21
122,0.4404,Mon Jun 11 02:56:40 +0000 2018,@CBS,0.0,0.847,0.153,RT @_stobin13: watching the #TonyAwards after going to 3 broadway shows this weekend makes it even better üòçü§©,22
123,0.836,Mon Jun 11 02:56:10 +0000 2018,@CBS,0.0,0.533,0.467,Tony Shalhoub wins Best Leading Actor in a Musical. #TonyAwards   #TheBandsVisit https://t.co/KcUDSicKI5,23
124,0.0,Mon Jun 11 02:53:00 +0000 2018,@CBS,0.0,1.0,0.0,The Boss looks right at home on the #TonyAwards stage! https://t.co/pwjv4iydkn,24
125,0.6369,Mon Jun 11 02:47:29 +0000 2018,@CBS,0.0,0.682,0.318,RT @Aatamianphoto: Springsteen is on the #TonyAwards and I love it.,25
126,0.7978,Mon Jun 11 02:44:50 +0000 2018,@CBS,0.0,0.457,0.543,Inspiration: Get to your YES! #OnceOnThisIsland #TonyAwards https://t.co/Wjp0QIWfXq,26
127,0.9523,Mon Jun 11 02:44:37 +0000 2018,@CBS,0.0,0.45,0.55,The feeling when you win a Tony. üôå¬†Congratulations to Once on This Island for winning Best Revival of a Musical!‚Ä¶ https://t.co/UpFCqgBTwh,27
128,0.5994,Mon Jun 11 02:33:09 +0000 2018,@CBS,0.0,0.698,0.302,What a beautiful performance by the cast of #TheBandsVisit. #TonyAwards https://t.co/4Hw96kZvrf,28
129,0.4215,Mon Jun 11 02:29:18 +0000 2018,@CBS,0.0,0.877,0.123,"""I'm a living example of how theatre can change you - and it didn't just change me, it saved me."" @JohnLeguizamo at‚Ä¶ https://t.co/4ICwMhb6hv",29
130,0.8932,Mon Jun 11 02:23:56 +0000 2018,@CBS,0.0,0.483,0.517,Angels in America takes the win for Best Revival of a Play! #TonyAwards https://t.co/zodW61tw8a,30
131,0.0,Mon Jun 11 02:21:03 +0000 2018,@CBS,0.0,1.0,0.0,"RT @leahableson: The Once On This Island Goat And Chicken made it to the broadcast, Mama WILL provide #TonyAwards",31
132,0.0,Mon Jun 11 02:16:06 +0000 2018,@CBS,0.0,1.0,0.0,That performance was the GOAT. #TonyAwards https://t.co/mtoU92HipQ,32
133,0.8908,Mon Jun 11 02:11:03 +0000 2018,@CBS,0.0,0.509,0.491,Harry Potter and the Cursed Child wins Best Play at the #TonyAwards! @HPPlayNYC https://t.co/WIqJQmtAlN,33
134,0.0,Mon Jun 11 02:05:47 +0000 2018,@CBS,0.0,1.0,0.0,üé∂ ‚ÄúLet's dance this last dance tonight.‚Äù üé∂ #TonyAwards #DonnaSummerMusical https://t.co/UAIaglChfv,34
135,0.4926,Mon Jun 11 02:03:31 +0000 2018,@CBS,0.0,0.738,0.262,Hope he brought enough birthday cake for everyone! #TonyAwards https://t.co/FlLbKV6oj8,35
136,0.5093,Mon Jun 11 01:58:48 +0000 2018,@CBS,0.0,0.477,0.523,@writerlindsayb You're welcome! #TonyAwards,36
137,0.7579,Mon Jun 11 01:53:17 +0000 2018,@CBS,0.0,0.435,0.565,RT @hjmayer8: I sure do love @DearEvanHansen üíô #TonyAwards,37
138,0.6467,Mon Jun 11 01:51:16 +0000 2018,@CBS,0.0,0.752,0.248,"RT @Valerie4815: What a birthday present, the Tony audience singing happy birthday to you!! #TonyAwards",38
139,0.0,Mon Jun 11 01:38:23 +0000 2018,@CBS,0.0,1.0,0.0,If only this performance could go on forever. #TonyAwards @FrozenBroadway https://t.co/p2BMUvyTxr,39
140,0.636,Mon Jun 11 01:37:36 +0000 2018,@CBS,0.0,0.724,0.276,RT @anna_villanueva: Magnificent performance from the cast of @FrozenBroadway! #TonyAwards2018 #TonyAwards #Tonys,40
141,0.8834,Mon Jun 11 01:30:56 +0000 2018,@CBS,0.0,0.437,0.563,Glenda Jackson wins Best Leading Actress in a Play. #TonyAwards @threetallwomen https://t.co/GRp1gcBuiW,41
142,0.0,Mon Jun 11 01:29:21 +0000 2018,@CBS,0.0,1.0,0.0,.@SaraBareilles is totally a Gryffindor. #TonyAwards https://t.co/OPQ7esk2dn,42
143,0.7351,Mon Jun 11 01:26:03 +0000 2018,@CBS,0.079,0.625,0.296,RT @IzzyNY202: How impressive are these Marjory Stoneman Douglas students? That #TonyAwards performance reduced me to tears. Amazing.,43
144,0.0,Mon Jun 11 01:25:59 +0000 2018,@CBS,0.0,1.0,0.0,RT @KatLargent: MAGIC #TonyAwards,44
145,0.0,Mon Jun 11 01:24:46 +0000 2018,@CBS,0.0,1.0,0.0,Such a touching moment at the #TonyAwards. ‚ù§Ô∏è https://t.co/4kJWTHVPZ8,45
146,0.4019,Mon Jun 11 01:24:12 +0000 2018,@CBS,0.0,0.838,0.162,.@Matt_Morrison welcomes the Marjory Stoneman Douglas High School theatre department to the stage. #TonyAwards https://t.co/5dxa9smeka,46
147,0.9151,Mon Jun 11 01:19:59 +0000 2018,@CBS,0.0,0.543,0.457,So many feels at the #TonyAwards. Congratulations to @arielstachel for winning Best Featured Actor in a Musical!‚Ä¶ https://t.co/m1aRNIHPRK,47
148,0.6369,Mon Jun 11 01:12:31 +0000 2018,@CBS,0.0,0.625,0.375,RT @McBenefit: I love everything about you @UzoAduba. #TonyAwards,48
149,0.1511,Mon Jun 11 01:08:28 +0000 2018,@CBS,0.0,0.898,0.102,RT if that musical number by the cast of Carousel blew you away! #TonyAwards https://t.co/CMzMNtcAQO,49
150,0.1531,Mon Jun 11 01:08:24 +0000 2018,@CBS,0.0,0.852,0.148,Nathan Lane saw his #AngelsinAmerica role as a challenge. How will you challenge yourself in 2018? #TonyAwards https://t.co/3WXd6AqgBi,50
151,0.8834,Mon Jun 11 01:02:47 +0000 2018,@CBS,0.0,0.437,0.563,Nathan Lane wins Best Featured Actor in a Play. #TonyAwards @angelsbway https://t.co/xc8M7JtLDE,51
152,0.0,Mon Jun 11 00:58:06 +0000 2018,@CBS,0.0,1.0,0.0,üåü¬†@joshgroban and @SaraBareilles are Host Goals. üåü #TonyAwards https://t.co/OGQec8cXJ6,52
153,0.2714,Mon Jun 11 00:52:34 +0000 2018,@CBS,0.0,0.793,0.207,RT @adub369: This is unbelievable! @SaraBareilles and @joshgroban #TonyAwards,53
154,0.0,Mon Jun 11 00:51:11 +0000 2018,@CBS,0.0,1.0,0.0,Who lives in a pineapple and just performed at The Tonys? üççüé∂ The cast of SpongeBob SquarePants: The Musical!‚Ä¶ https://t.co/mvFxdh9UJi,54
155,0.8478,Mon Jun 11 00:50:18 +0000 2018,@CBS,0.0,0.494,0.506,‚ú® @LindsayMendez wins Best Featured Actress in a Musical! #TonyAwards @carouselbway https://t.co/MtgFowscN5,55
156,0.8858,Mon Jun 11 00:45:14 +0000 2018,@CBS,0.0,0.435,0.565,A big congratulations to @springsteen for his Special Tony award! ‚ú®¬†#TonyAwards https://t.co/i16u8uv9aT,56
157,0.0,Mon Jun 11 00:44:36 +0000 2018,@CBS,0.0,1.0,0.0,Can the 73rd annual #TonyAwards just be three-hours of @TitussBurgess? https://t.co/3rCZwwTUtv,57
158,0.25,Mon Jun 11 00:35:41 +0000 2018,@CBS,0.0,0.92,0.08,"RT @CBSThisMorning: ""We know there are a lot of you out there who have photos of yourself in school plays or community theater."" Post your‚Ä¶",58
159,0.4588,Mon Jun 11 00:34:45 +0000 2018,@CBS,0.0,0.833,0.167,Keep your acceptance speeches short or else the #TonyAwards will get the angels involved. #AngelsInAmerica üëº https://t.co/oznhezRzDc,59
160,0.0,Mon Jun 11 00:31:28 +0000 2018,@CBS,0.0,1.0,0.0,"If you haven't started singing, you will be the rest of the night. #TonyAwards #MyFairLady https://t.co/jbGXwnru8N",60
161,0.3612,Mon Jun 11 00:27:42 +0000 2018,@CBS,0.0,0.737,0.263,RT @marialena_rago: I like this opener for @MyFairLadyBway #TonyAwards,61
162,0.8908,Mon Jun 11 00:27:00 +0000 2018,@CBS,0.0,0.43,0.57,Laurie Metcalf wins Best Featured Actress in a Play! #TonyAwards @threetallwomen https://t.co/y4teyJaRPs,62
163,0.0,Mon Jun 11 00:24:31 +0000 2018,@CBS,0.0,1.0,0.0,Tina Fey has a boat?? #MeanGirls #TonyAwards https://t.co/phYxmHMd3d,63
164,0.0,Mon Jun 11 00:22:15 +0000 2018,@CBS,0.0,1.0,0.0,Representing the hardest-working men and women in Broadway‚Ä¶¬†ensemble members from every nominated musical tonight!‚Ä¶ https://t.co/imlEEnOUla,64
165,0.6369,Mon Jun 11 00:22:15 +0000 2018,@CBS,0.0,0.588,0.412,RT @misschae: I love theatre so much. #TonyAwards,65
166,0.0,Mon Jun 11 00:18:16 +0000 2018,@CBS,0.0,1.0,0.0,On Wednesdays they wear pink and on Sundays they perform at the #TonyAwards. üíï Who thought that performance by the‚Ä¶ https://t.co/w7QDkaX6kF,66
167,0.6369,Mon Jun 11 00:13:27 +0000 2018,@CBS,0.0,0.756,0.244,"RT @MichaelJMoritz: ""We are all made perfectly and we all belong‚Äù - Andrew Garfield #TonyAwards",67
168,0.8834,Mon Jun 11 00:12:31 +0000 2018,@CBS,0.0,0.437,0.563,Andrew Garfield wins Best Leading Actor in a Play. #TonyAwards @angelsbway https://t.co/s2VQnw6IPP,68
169,0.6696,Mon Jun 11 00:06:39 +0000 2018,@CBS,0.0,0.64,0.36,"RT @nightingalen: Love this opening song! @joshgroban
@SaraBarreilles 
#TonyAwards",69
170,0.0,Mon Jun 11 00:04:15 +0000 2018,@CBS,0.0,1.0,0.0,‚ú® @joshgroban and @SaraBareilles take the stage to begin an unforgettable evening. #TonyAwards https://t.co/y9uzlK2DzO,70
171,0.0,Sun Jun 10 23:59:00 +0000 2018,@CBS,0.0,1.0,0.0,Grab your popcorn... it's time for the #TonyAwards! Go and stream the entire show now: https://t.co/Wo1algQHix https://t.co/JGYTk4NPDN,71
172,0.0,Sun Jun 10 23:18:15 +0000 2018,@CBS,0.0,1.0,0.0,‚ú® @thegoodfight's Christine Baranski has arrived on the #TonyAwards red carpet! Watch LIVE at 8/7c on CBS! https://t.co/XnXAnPtRrc,72
173,0.0,Sun Jun 10 22:01:25 +0000 2018,@CBS,0.0,1.0,0.0,"The hosts have arrived! We're LIVE with @SaraBareilles, @joshgroban and more on the #TonyAwards red carpet hosted b‚Ä¶ https://t.co/NtarbgywLe",73
174,0.4184,Sun Jun 10 15:00:01 +0000 2018,@CBS,0.0,0.843,0.157,Tonight's the night! Join @etnow's @DDirecto on the #TonyAwards' red carpet starting at 5PM ET! https://t.co/hZLOSiIRAT,74
175,0.5093,Sat Jun 09 21:00:02 +0000 2018,@CBS,0.0,0.845,0.155,These two know a thing or two about awards! Watch them light up the stage tomorrow at the #TonyAwards. ‚ú® https://t.co/KHVZp65oLS,75
176,0.0,Sat Jun 09 16:00:00 +0000 2018,@CBS,0.0,1.0,0.0,Here's everything you need to know before watching the #TonyAwards this Sunday at 8/7c: https://t.co/jcRgNGmLUZ https://t.co/8suUhVPFK6,76
177,0.296,Fri Jun 08 19:46:17 +0000 2018,@CBS,0.0,0.82,0.18,Join @etnow's @DDirecto this Sunday on the #TonyAwards' red carpet. https://t.co/7jS8g10KmY,77
178,0.0,Fri Jun 08 15:00:03 +0000 2018,@CBS,0.0,1.0,0.0,Here's @laChanze with a reminder that you can stream the #TonyAwards this Sunday on CBS All Access! https://t.co/8TDEXzKmyQ,78
179,0.9078,Fri Jun 08 13:58:15 +0000 2018,@CBS,0.0,0.564,0.436,"We all get by with a little help from our friends, so what better way to celebrate #NationalBestFriendsDay than to‚Ä¶ https://t.co/pIZezbBwaT",79
180,0.3612,Thu Jun 07 17:03:26 +0000 2018,@CBS,0.0,0.872,0.128,"Get ready for show-stopping performances by the casts of the 2018 Tony-nominated shows Mean Girls, SpongeBob Square‚Ä¶ https://t.co/NiSx9Bbw0F",80
181,0.2732,Wed Jun 06 21:00:24 +0000 2018,@CBS,0.105,0.719,0.176,Don‚Äôt miss a special performance from @springsteen this Sunday at the #TonyAwards: https://t.co/LYYdleaFwU https://t.co/IKkKoITH9y,81
182,0.3595,Wed Jun 06 00:08:30 +0000 2018,@CBS,0.0,0.872,0.128,"RT @CBSThisMorning: .@SaraBareilles and @joshgroban are hosting this Sunday's @TheTonyAwards on @CBS! 

Wednesday, they'll join us LIVE on‚Ä¶",82
183,-0.4404,Tue Jun 05 22:23:35 +0000 2018,@CBS,0.177,0.723,0.1,"RT @SU2C: SU2C telecast Co-Executive Producer Bradley Cooper sits down with Mitch Carbon, a pediatric cancer survivor who benefited from #S‚Ä¶",83
184,0.4574,Tue Jun 05 22:12:28 +0000 2018,@CBS,0.0,0.824,0.176,RT @StrangeAngel: About last night... The #StrangeAngel screening party was a blast! Pun intended. üöÄüòè https://t.co/m64EcNmweY,84
185,0.5093,Tue Jun 05 19:00:02 +0000 2018,@CBS,0.0,0.845,0.155,These CBS stars can really belt it out! Find out which celebs from your favorite shows are pitch-perfect:‚Ä¶ https://t.co/X4zMACFazB,85
186,0.0,Tue Jun 05 15:04:41 +0000 2018,@CBS,0.0,1.0,0.0,"More stars are set to appear at the #TonyAwards, including @billyjoel, @amyschumer, and @katharinemcphee. See who e‚Ä¶ https://t.co/lPUocBcn9t",86
187,0.0,Mon Jun 04 17:00:00 +0000 2018,@CBS,0.0,1.0,0.0,"The #TonyAwards are just days away, and @joshgroban and @SaraBareilles will bring all they've got to Broadway's Big‚Ä¶ https://t.co/eKkWn6ClSq",87
188,-0.3903,Fri Jun 01 17:39:17 +0000 2018,@CBS,0.131,0.807,0.062,"Call us old-fashioned, but we donut want you missing out on #NationalDonutDay! Here are a few treats from us to you‚Ä¶ https://t.co/HpzN8bQ3SO",88
189,0.8442,Fri Jun 01 17:00:03 +0000 2018,@CBS,0.0,0.664,0.336,Remember @Lin_Manuel‚Äôs beautiful sonnet from the 70th Annual Tony Awards¬Æ? Relive some of the greatest moments in‚Ä¶ https://t.co/IZjeQLd58C,89
190,0.8932,Thu May 31 23:50:00 +0000 2018,@CBS,0.0,0.545,0.455,"Good friends @joshgroban and @SaraBareilles are hosting the #TonyAwards together? Well, this is bound to be fun! https://t.co/26Vgzp0s2e",90
191,0.4926,Wed May 30 15:07:34 +0000 2018,@CBS,0.0,0.849,0.151,"The #TonyAwards just got even better because @UzoAduba, @MattBomer, and more stars will be presenting live! Find ou‚Ä¶ https://t.co/hfFBtWo1T9",91
192,0.0,Mon May 28 21:00:01 +0000 2018,@CBS,0.0,1.0,0.0,"Mark your calendars. @SalvationCBS returns Monday, June 25 at 9/8c! ‚òÑÔ∏è https://t.co/N9pYuhYLRF",92
193,0.0,Mon May 28 02:08:19 +0000 2018,@CBS,0.0,1.0,0.0,RT @thegoodfight: All episodes of season 2 are now available. Stream #TheGoodFight on CBS All Access: https://t.co/k3tn8kR9KC https://t.co/‚Ä¶,93
194,0.6239,Wed May 23 23:07:38 +0000 2018,@CBS,0.0,0.789,0.211,Get the popcorn ready! üçø  It's going to be an unforgettable @survivorcbs finale. Make sure to tune in TONIGHT at 8/‚Ä¶ https://t.co/vp0JyqfXMQ,94
195,0.5859,Wed May 23 19:02:43 +0000 2018,@CBS,0.0,0.826,0.174,"RT @StrangeAngel: Every brilliant mind has a dark side. #StrangeAngel launches June 14, only on CBS All Access. https://t.co/y0MZg1BzEB htt‚Ä¶",95
196,0.1139,Tue May 22 23:19:40 +0000 2018,@CBS,0.0,0.917,0.083,Prepare yourself. The @NCIS_CBS season finale is unlike any other. Don't miss it TONIGHT at 8/7c. https://t.co/MOH6uiFc0C,96
197,0.0,Tue May 22 20:02:22 +0000 2018,@CBS,0.0,1.0,0.0,"Summer heats up with @CBSBigBrother, @SalvationCBS, and the brand-new competition series @TKOCBS. Find out when you‚Ä¶ https://t.co/DxE7OnKs17",97
198,0.0,Mon May 21 23:00:01 +0000 2018,@CBS,0.0,1.0,0.0,Who‚Äôs going to be watching the season finale of @ManWithAPlan tonight? RT if you'll be tuning in at 8:30/7:30c! https://t.co/ARLRtVuGuc,98
199,0.3382,Sun May 20 20:00:00 +0000 2018,@CBS,0.061,0.808,0.131,The season finale of @MadamSecretary will leave you speechless! Make sure to tune in tonight at 10/9c. https://t.co/hqxkLZsWpl,99
200,0.0,Mon Jul 02 07:58:03 +0000 2018,@CNN,0.0,1.0,0.0,"An artificial ovary may soon be possible, according to researchers who have engineered an ovarian ""scaffold"" on whi‚Ä¶ https://t.co/7bGS7AL7wj",0
201,0.0,Mon Jul 02 07:46:04 +0000 2018,@CNN,0.0,1.0,0.0,"North Korea appears to be finalizing the expansion of a key ballistic missile manufacturing site, analysts say https://t.co/q91jmnUDXV",1
202,0.1531,Mon Jul 02 07:45:00 +0000 2018,@CNN,0.0,0.918,0.082,Hear emotional phone calls from parents separated from their kids as a result of the Trump administration's zero to‚Ä¶ https://t.co/DqFQmZhnwq,2
203,0.0,Mon Jul 02 07:33:06 +0000 2018,@CNN,0.0,1.0,0.0,Mohamed Salah signs new long-term deal and pledges future to Liverpool football club https://t.co/zKilfrjFjg https://t.co/K9TlXTMdgG,3
204,0.4767,Mon Jul 02 07:18:58 +0000 2018,@CNN,0.0,0.76,0.24,LeBron James will join the Los Angeles Lakers in a four-year-deal worth $154 million https://t.co/N5lwBWfmeT https://t.co/o2FcFDaLKG,4
205,-0.2263,Mon Jul 02 07:15:04 +0000 2018,@CNN,0.095,0.905,0.0,"At the Families Belong Together rally in Los Angeles, singer John Legend urged protesters to resist the ""temptation‚Ä¶ https://t.co/2l2hCPXz0H",5
206,-0.743,Mon Jul 02 07:04:05 +0000 2018,@CNN,0.364,0.636,0.0,A controversial Philippines mayor was shot and killed by a sniper on Monday morning https://t.co/YcZRYRJFNp,6
207,0.7269,Mon Jul 02 06:45:06 +0000 2018,@CNN,0.0,0.697,0.303,Sen. Tim Scott says he plans to recommend Rep. Trey Gowdy for Supreme Court https://t.co/Hc3LXplDDg https://t.co/cZAJNsLtaw,7
208,-0.4767,Mon Jul 02 06:28:05 +0000 2018,@CNN,0.134,0.866,0.0,"""Cheryl and I are sad to announce that we are going our separate ways."" Former One Direction member Liam Payne and‚Ä¶ https://t.co/5JBNe9Gemj",8
209,0.0,Mon Jul 02 06:15:00 +0000 2018,@CNN,0.0,1.0,0.0,"Spider-Man, Captain America, and other superheroes dropped by a children's hospital in Iowa to give the kids a thri‚Ä¶ https://t.co/s8YUc5LKZ8",9
210,0.0,Mon Jul 02 06:14:47 +0000 2018,@CNN,0.0,1.0,0.0,"A ""revolution"" for Mexico? President-elect Andres Manuel Lopez Obrador has been running to be Mexican president for‚Ä¶ https://t.co/Mxv3Puztdp",10
211,0.5719,Mon Jul 02 05:59:59 +0000 2018,@CNN,0.0,0.829,0.171,"Andres Manuel Lopez Obrador wins landslide victory in Mexico's presidential election --
he is estimated to have rec‚Ä¶ https://t.co/4x9g40GcY1",11
212,0.7096,Mon Jul 02 05:45:09 +0000 2018,@CNN,0.0,0.772,0.228,"These 600 Hawaiian cats have a better life than you.

Welcome to the Lana'i Cat Sanctuary -- Where felines of all s‚Ä¶ https://t.co/ipeg72sXwd",12
213,0.0,Mon Jul 02 05:15:00 +0000 2018,@CNN,0.0,1.0,0.0,The FDR Library and Museum released rare video of Franklin D. Roosevelt walking https://t.co/xUMKmgw8po https://t.co/OnMSt5KLG7,13
214,-0.2023,Mon Jul 02 04:45:00 +0000 2018,@CNN,0.145,0.753,0.102,"In a retail industry beset by problems, H&amp;M has a stockpile of unsold clothes worth $4 billion‚Ä¶ https://t.co/Zg35CP2R8d",14
215,0.0772,Mon Jul 02 04:15:00 +0000 2018,@CNN,0.129,0.73,0.142,"Arnold Schwarzenegger mocks Trump's attempts to ""rescue the coal industry,"" asking in a video message what the US P‚Ä¶ https://t.co/nJVHV0GwQX",15
216,0.6249,Mon Jul 02 03:45:06 +0000 2018,@CNN,0.0,0.823,0.177,"Former President Barack Obama tells Democrats: ""This is a moment of great urgency and you are right to be concerned‚Ä¶ https://t.co/WvIDQqLPKF",16
217,0.0,Mon Jul 02 03:15:01 +0000 2018,@CNN,0.0,1.0,0.0,Canada hits $13 billion of US goods with new tariffs https://t.co/MqJDIrR0V1 https://t.co/uTNQKf1UV1,17
218,0.0,Mon Jul 02 02:45:06 +0000 2018,@CNN,0.0,1.0,0.0,Boeing's hypersonic passenger plane could get you from New York to London in 2 hours https://t.co/1tMlTjVBI4 https://t.co/osBzfEdBcY,18
219,-0.3182,Mon Jul 02 02:15:00 +0000 2018,@CNN,0.095,0.905,0.0,"In 2012, Luke Mickelson was shocked to learn that children in his community slept on the floor. So he quit his high‚Ä¶ https://t.co/5LPQdK7eNn",19
220,0.0,Mon Jul 02 02:00:01 +0000 2018,@CNN,0.0,1.0,0.0,Here's everything you need to know about what's happening this week https://t.co/SVCWQHReai https://t.co/W9OWBHdFRR,20
221,0.0,Mon Jul 02 01:45:03 +0000 2018,@CNN,0.0,1.0,0.0,"The Trump administration doesn't ""have a plan. I don't think they even really know where all of these children are,‚Ä¶ https://t.co/1sOfMfrtFK",21
222,-0.2263,Mon Jul 02 01:30:00 +0000 2018,@CNN,0.119,0.881,0.0,Forget the World Cup. The largest soccer crowd this weekend was in Atlanta. https://t.co/aOWd7KT8By https://t.co/Cc7Q2RBspc,22
223,0.6908,Mon Jul 02 01:15:10 +0000 2018,@CNN,0.0,0.711,0.289,These are the stunning winners of the 2018 National Geographic Travel Photographer of the Year‚Ä¶ https://t.co/4YRjW9JouI,23
224,-0.6486,Mon Jul 02 01:00:15 +0000 2018,@CNN,0.371,0.629,0.0,Arson suspect arrested as blaze in southern Colorado grows https://t.co/0JtzxG09Zb https://t.co/DOm6avBpkp,24
225,0.2023,Mon Jul 02 01:00:00 +0000 2018,@CNN,0.179,0.595,0.226,Croatia through to quarterfinals after penalty shootout win over Denmark https://t.co/oyXC8IKkvH https://t.co/2p9zNtxTwI,25
226,0.0,Mon Jul 02 00:45:04 +0000 2018,@CNN,0.0,1.0,0.0,"Canada won't be pushed around by the US, writes Samantha Vinograd for @CNNOpinion https://t.co/MQuRNVb1px https://t.co/GDd5RGzSID",26
227,0.835,Mon Jul 02 00:37:12 +0000 2018,@CNN,0.056,0.632,0.312,Is #Hawaii really the paradise most people think it is? @WKamauBell exposes a side to our beautiful 50th state that‚Ä¶ https://t.co/uBBXk3fxwh,27
228,0.0,Mon Jul 02 00:30:08 +0000 2018,@CNN,0.0,1.0,0.0,Shooting won't deter Capital Gazette journalists https://t.co/TFTLGlA5Av https://t.co/jovYbARv2i,28
229,0.0,Mon Jul 02 00:15:05 +0000 2018,@CNN,0.0,1.0,0.0,"""Abolish ICE"" isn't about open borders, writes Dean Obeidallah for @CNNOpinion https://t.co/Wy1UpjGLeX https://t.co/7uXE4JXq8t",29
230,0.0,Sun Jul 01 23:45:00 +0000 2018,@CNN,0.0,1.0,0.0,"Republican Sen. Tim Scott says conversations he and President Trump have had about race are ""painful"" and ""uncomfor‚Ä¶ https://t.co/pdN3f9fXwW",30
231,0.7269,Sun Jul 01 23:30:00 +0000 2018,@CNN,0.0,0.697,0.303,Sen. Tim Scott says he plans to recommend Rep. Trey Gowdy for Supreme Court https://t.co/eUCsVQqXq7 https://t.co/9ZZ0jMp7jy,31
232,0.0,Sun Jul 01 23:22:19 +0000 2018,@CNN,0.0,1.0,0.0,Is this the most ingenious way to farm fish? See what native Hawaiians can teach the world about sustainability on‚Ä¶ https://t.co/60jhFVaO4l,32
233,0.1779,Sun Jul 01 23:00:01 +0000 2018,@CNN,0.0,0.914,0.086,"White House national security adviser John Bolton says there's a 1-year plan for North Korea to denuclearize, but s‚Ä¶ https://t.co/s5uK1gyBwC",33
234,0.0,Sun Jul 01 22:45:00 +0000 2018,@CNN,0.0,1.0,0.0,"Here's a look at this week's Sunday morning shows, where White House officials and members of Congress addressed so‚Ä¶ https://t.co/natvEkb8UX",34
235,-0.7906,Sun Jul 01 22:37:00 +0000 2018,@CNN,0.269,0.731,0.0,"At least one American tourist is dead and several others are injured after a tour boat exploded in the Bahamas, acc‚Ä¶ https://t.co/N3MtFzLHqu",35
236,0.0,Sun Jul 01 22:30:00 +0000 2018,@CNN,0.0,1.0,0.0,"Trump-Putin summit makes US a ""less reliable"" partner to its Western allies, former UK official says‚Ä¶ https://t.co/WLQg8PvghR",36
237,0.5994,Sun Jul 01 22:15:00 +0000 2018,@CNN,0.0,0.782,0.218,Two-time champion Andy Murray has withdrawn from Wimbledon one day before the competition begins‚Ä¶ https://t.co/hhCFfzZZkV,37
238,-0.2235,Sun Jul 01 22:00:00 +0000 2018,@CNN,0.106,0.894,0.0,Sen. Tammy Duckworth doesn't join Democratic colleagues in calls to abolish US Immigration and Customs Enforcement‚Ä¶ https://t.co/EjAwcQGvh8,38
239,-0.3956,Sun Jul 01 21:45:00 +0000 2018,@CNN,0.273,0.6,0.127,"Ancient Pompeii victim not crushed by stone block, after all, archaeologists say https://t.co/bhZH0YHSi4 https://t.co/ouNKBIpC8F",39
240,0.4939,Sun Jul 01 21:40:00 +0000 2018,@CNN,0.0,0.802,0.198,US and North Korean officials meet to discuss implementing agreement between countries https://t.co/pzgxlyNRjk https://t.co/r4FCHG6eST,40
241,-0.9186,Sun Jul 01 21:30:00 +0000 2018,@CNN,0.542,0.458,0.0,Man charged with murder of missing teen found dead in barrel in Australia https://t.co/1Rd2UyNov5 https://t.co/xqUGDZ9Xtx,41
242,-0.5574,Sun Jul 01 21:15:00 +0000 2018,@CNN,0.365,0.635,0.0,"1 injured in Iran water protests, interior minister says https://t.co/v7iTz0Ctei https://t.co/gJTIHc9opk",42
243,0.4939,Sun Jul 01 21:00:02 +0000 2018,@CNN,0.0,0.833,0.167,"A migrant who earned the nickname ""Spider-Man"" after scaling a building to save a child dangling from a balcony has‚Ä¶ https://t.co/pa65pAKaCO",43
244,0.4767,Sun Jul 01 20:45:06 +0000 2018,@CNN,0.0,0.795,0.205,"US trying to make friends, counter China with massive naval exercise https://t.co/N6jRBw5FkT https://t.co/hj5BC5dvbK",44
245,-0.4767,Sun Jul 01 20:30:03 +0000 2018,@CNN,0.205,0.795,0.0,Neighbor calls police on a 12-year-old boy for mowing the wrong lawn https://t.co/K1OyMlraZZ https://t.co/B2rWmQAWh0,45
246,0.0,Sun Jul 01 20:15:04 +0000 2018,@CNN,0.0,1.0,0.0,Here's everything you need to know about Canada Day https://t.co/28ze5UloBv https://t.co/mf5a42UFPM,46
247,0.2023,Sun Jul 01 20:00:16 +0000 2018,@CNN,0.0,0.87,0.13,Here are the top moments from the Families Belong Together marches https://t.co/D4Zb3kIVgd https://t.co/lJaODERrxi,47
248,0.0,Sun Jul 01 19:45:05 +0000 2018,@CNN,0.0,1.0,0.0,"Mexican voters to pick president and more than 18,000 other officials https://t.co/K9zSJENygW https://t.co/BhxpWUjpkm",48
249,-0.4215,Sun Jul 01 19:30:09 +0000 2018,@CNN,0.223,0.676,0.101,French convict escapes prison again ‚Äî this time with a hijacked helicopter https://t.co/cuMuYqJW46 https://t.co/UUYdAjhZth,49
250,-0.4404,Sun Jul 01 19:15:09 +0000 2018,@CNN,0.225,0.775,0.0,9 stabbed at Idaho apartment complex where refugee families live https://t.co/qqeF2nIIUJ https://t.co/k6NUGXBAE4,50
251,0.0,Sun Jul 01 19:00:06 +0000 2018,@CNN,0.0,1.0,0.0,Longtime Iowa sports radio host dies in Des Moines flash floods https://t.co/UdxzcKCxB9 https://t.co/6I2va2rVwJ,51
252,-0.3612,Sun Jul 01 18:45:05 +0000 2018,@CNN,0.116,0.884,0.0,"US companies are sitting on $6.3 trillion of debt, according to S&amp;P Global Ratings. That sum, which excludes banks,‚Ä¶ https://t.co/PiR3HVvBHP",52
253,0.5574,Sun Jul 01 18:30:04 +0000 2018,@CNN,0.0,0.66,0.34,5 takeaways from a momentous Supreme Court term https://t.co/hSSXqgr97J https://t.co/1m2orDHK5N,53
254,0.3089,Sun Jul 01 18:15:05 +0000 2018,@CNN,0.0,0.861,0.139,Thousands of Puerto Ricans displaced by hurricane won't lose FEMA housing just yet https://t.co/5EpE3Fltae https://t.co/8Hc1diiqaY,54
255,-0.296,Sun Jul 01 18:00:06 +0000 2018,@CNN,0.091,0.909,0.0,"China and Australia have joined the search for 12 boys missing in a Thai cave, as divers close in on the spot where‚Ä¶ https://t.co/DgGrGaUPEC",55
256,0.5719,Sun Jul 01 17:45:08 +0000 2018,@CNN,0.0,0.73,0.27,Republican wins race to replace former congressman Blake Farenthold https://t.co/2Tq6aRfXHa https://t.co/QcFShaADH3,56
257,0.0,Sun Jul 01 17:30:12 +0000 2018,@CNN,0.0,1.0,0.0,They felt ostracized as LGBTQ skateboarders. So they did something about it. https://t.co/CrO1k4mvqw https://t.co/KpY1r2RHPu,57
258,-0.7771,Sun Jul 01 17:15:07 +0000 2018,@CNN,0.342,0.658,0.0,Republican Sen. Susan Collins says she won't support a Supreme Court nominee who is hostile to abortion rights‚Ä¶ https://t.co/2Rnx4bLaoG,58
259,-0.4588,Sun Jul 01 17:00:22 +0000 2018,@CNN,0.273,0.727,0.0,Russia knocks out Spain in penalty shootout https://t.co/0BOtkCiXAK https://t.co/n2GA4liQJm,59
260,0.0,Sun Jul 01 16:45:09 +0000 2018,@CNN,0.0,1.0,0.0,Newly minted Democratic congressional nominee Alexandria Ocasio-Cortez says she believes there are districts across‚Ä¶ https://t.co/KqtJD7wZ0U,60
261,0.6486,Sun Jul 01 16:30:05 +0000 2018,@CNN,0.0,0.773,0.227,Max Verstappen secures a memorable victory for Red Bull in their home grand prix in Austria as Lewis Hamilton lost‚Ä¶ https://t.co/vh2hipKWBu,61
262,0.0,Sun Jul 01 16:15:04 +0000 2018,@CNN,0.0,1.0,0.0,Canada hits $13 billion of US goods with new tariffs https://t.co/nDoz59ieda https://t.co/cV2olnEvSh,62
263,-0.7003,Sun Jul 01 16:00:14 +0000 2018,@CNN,0.293,0.707,0.0,"In this isolated Cuban town on Guantanamo Bay, they still call Americans ""the enemy"" https://t.co/C6z0weYOv3 https://t.co/cNBaHuz7O0",63
264,-0.34,Sun Jul 01 15:47:04 +0000 2018,@CNN,0.167,0.833,0.0,"""Abolish ICE"" is a massive political mistake, writes Julian Zelizer for @CNNOpinion https://t.co/xHs9JWMpHT https://t.co/74LdlT4A2M",64
265,0.5574,Sun Jul 01 15:37:03 +0000 2018,@CNN,0.0,0.806,0.194,"President Trump should pick a woman for the Supreme Court, writes Mark D. Weinberg for @CNNOpinion‚Ä¶ https://t.co/sX3hyb9ZoD",65
266,-0.4939,Sun Jul 01 15:34:47 +0000 2018,@CNN,0.151,0.849,0.0,"RT @ReliableSources: .@brianstelter: ""Did any of you fear this would happen?""

Capital Gazette reporter @PhilDavis_CG: ""Not to this extent,‚Ä¶",66
267,0.2023,Sun Jul 01 15:27:14 +0000 2018,@CNN,0.0,0.886,0.114,A top Environmental Protection Agency ethics official pushed for investigations of agency chief Scott Pruitt‚Ä¶ https://t.co/UmJ3CPkvJ0,67
268,-0.296,Sun Jul 01 15:00:26 +0000 2018,@CNN,0.196,0.804,0.0,Newspaper shooting suspect nursed years-long vendetta against employees https://t.co/xyVeSQOrD8 https://t.co/1acqIeLVz3,68
269,0.5574,Sun Jul 01 14:30:19 +0000 2018,@CNN,0.0,0.603,0.397,Top July 4 events across the United States https://t.co/WzwX3N8PkP https://t.co/qYSRW8Onjj,69
270,0.6908,Sun Jul 01 14:01:07 +0000 2018,@CNN,0.0,0.711,0.289,These are the stunning winners of the 2018 National Geographic Travel Photographer of the Year‚Ä¶ https://t.co/5AttAtwSUI,70
271,0.0,Sun Jul 01 13:45:10 +0000 2018,@CNN,0.0,1.0,0.0,Democratic Sen. Tammy Duckworth on whether she believes ICE should be abolished: ‚ÄúI think there‚Äôs a lot of other th‚Ä¶ https://t.co/o5V8LQShhx,71
272,0.0,Sun Jul 01 13:31:00 +0000 2018,@CNN,0.0,1.0,0.0,Watch these homes being built using a 3D printer https://t.co/igaBP4k4F8 https://t.co/eDInf067up,72
273,0.0,Sun Jul 01 13:30:59 +0000 2018,@CNN,0.0,1.0,0.0,Democratic Sen. Tammy Duckworth says she thinks Senate Majority Leader Mitch McConnell is ‚Äúsomeone who is very cyni‚Ä¶ https://t.co/m4pZUK8nwl,73
274,0.0,Sun Jul 01 13:30:10 +0000 2018,@CNN,0.0,1.0,0.0,This police chief wants to track down the person who mailed in a payment for a 44-year-old parking ticket‚Ä¶ https://t.co/hzhgWsto5p,74
275,0.0,Sun Jul 01 13:24:33 +0000 2018,@CNN,0.0,1.0,0.0,"The Trump administration doesn't ""have a plan. I don't think they even really know where all of these children are,‚Ä¶ https://t.co/Nsps0L8kOI",75
276,0.122,Sun Jul 01 13:15:39 +0000 2018,@CNN,0.115,0.75,0.134,GOP Sen. Susan Collins says Trump told her in a meeting that he would not ask a Supreme Court justice nominee wheth‚Ä¶ https://t.co/7a7QyLQemc,76
277,0.7906,Sun Jul 01 13:08:52 +0000 2018,@CNN,0.0,0.72,0.28,Republican Sen. Susan Collins says she told President Trump that she wanted the Supreme Court justice nominee to be‚Ä¶ https://t.co/YE5KeJd0TW,77
278,0.0,Sun Jul 01 13:01:07 +0000 2018,@CNN,0.0,1.0,0.0,Ballet dancers showcase Hong Kong in gravity-defying images https://t.co/HHv3X6WlPK via @CNNTravel https://t.co/68WV2hDbZd,78
279,0.3612,Sun Jul 01 12:31:01 +0000 2018,@CNN,0.0,0.884,0.116,"Will we ever fly like the Jetsons? After this company unveiled Flyer, its first commercial flying car, @RachCrane t‚Ä¶ https://t.co/vPedjnNbzn",79
280,-0.6597,Sun Jul 01 12:30:12 +0000 2018,@CNN,0.268,0.732,0.0,California father's killing at campsite leads to investigations into 7 past shootings https://t.co/xjPMkMXQkL https://t.co/qIBHYP9Jjw,80
281,0.0,Sun Jul 01 12:01:04 +0000 2018,@CNN,0.0,1.0,0.0,One word shows how much we've changed the way we talk about race | By CNN's John Blake https://t.co/jMEYDwMtt2 https://t.co/9rZbxTdzc2,81
282,0.5859,Sun Jul 01 11:31:00 +0000 2018,@CNN,0.0,0.847,0.153,"One step on the island of Bermuda, and it's impossible not to be moved by its beauty, history, simplicity and charm‚Ä¶ https://t.co/Vl4Q5w22Co",82
283,-0.5106,Sun Jul 01 11:30:08 +0000 2018,@CNN,0.264,0.736,0.0,"Capital Gazette suspect blocked entrance, then started ""hunting and killing,"" official says https://t.co/OWhzy5seqX https://t.co/f2hFbaMk8K",83
284,-0.5106,Sun Jul 01 11:01:05 +0000 2018,@CNN,0.202,0.798,0.0,"Two dads, an egg donor and a surrogate: How a freezer failure changed everything https://t.co/IU2jx7bTV6 https://t.co/EfJ9KpVfUw",84
285,-0.3182,Sun Jul 01 10:31:00 +0000 2018,@CNN,0.095,0.905,0.0,"In 2012, Luke Mickelson was shocked to learn that children in his community slept on the floor. So he quit his high‚Ä¶ https://t.co/xGRRwZdRXK",85
286,-0.836,Sun Jul 01 10:30:03 +0000 2018,@CNN,0.471,0.529,0.0,British singer-songwriter Morrissey postpones European tour dates amid dispute over racism claims‚Ä¶ https://t.co/OTK5vekdcO,86
287,0.0,Sun Jul 01 10:01:06 +0000 2018,@CNN,0.0,1.0,0.0,Boeing's hypersonic passenger plane could get you from New York to London in 2 hours https://t.co/9P8OPWUqTa https://t.co/mYf7k01wfq,87
288,0.0,Sun Jul 01 09:31:00 +0000 2018,@CNN,0.0,1.0,0.0,Meet Miquela: The CGI Instagram star making brands real money ‚Äî even though she's not a real human‚Ä¶ https://t.co/1zwl5owpc2,88
289,0.6249,Sun Jul 01 09:30:10 +0000 2018,@CNN,0.0,0.823,0.177,"Former President Barack Obama tells Democrats: ""This is a moment of great urgency and you are right to be concerned‚Ä¶ https://t.co/FEtnVspr8W",89
290,0.0,Sun Jul 01 09:01:07 +0000 2018,@CNN,0.0,1.0,0.0,Does a plateau exist for human mortality? New research suggests that any maximum fixed lifespan has yet to be reach‚Ä¶ https://t.co/e4X432LL5Y,90
291,0.4215,Sun Jul 01 08:31:00 +0000 2018,@CNN,0.0,0.811,0.189,"Aston Martin brings back the Superleggera as a powerful new $300,000 supercar https://t.co/9nesdQVIlf https://t.co/bdI6lkcWYc",91
292,-0.802,Sun Jul 01 08:30:07 +0000 2018,@CNN,0.419,0.581,0.0,US senators introduce bill to make lynching a federal hate crime https://t.co/UTK2iZiq2d https://t.co/3vMgnCDHgc,92
293,0.0772,Sun Jul 01 08:01:00 +0000 2018,@CNN,0.129,0.73,0.142,"Arnold Schwarzenegger mocks Trump's attempts to ""rescue the coal industry,"" asking in a video message what the US P‚Ä¶ https://t.co/zCwJhaOEg3",93
294,0.0,Sun Jul 01 08:00:19 +0000 2018,@CNN,0.0,1.0,0.0,Afghan government calls off ceasefire with Taliban https://t.co/Zo3IHrYEi4 https://t.co/i3sdu859ZI,94
295,-0.4404,Sun Jul 01 07:59:06 +0000 2018,@CNN,0.153,0.847,0.0,"Nine people were stabbed by a single assailant at an apartment complex in Boise, Idaho, police say https://t.co/VljZWObXPy",95
296,-0.2023,Sun Jul 01 07:31:00 +0000 2018,@CNN,0.145,0.753,0.102,"In a retail industry beset by problems, H&amp;M has a stockpile of unsold clothes worth $4 billion‚Ä¶ https://t.co/qDy44YVVZ0",96
297,0.6808,Sun Jul 01 07:30:09 +0000 2018,@CNN,0.101,0.62,0.279,Irishman Shane Breen pulls off shock first win in the Monaco leg of the Longines Global Champions Tour‚Ä¶ https://t.co/0EPhbyXDUi,97
298,-0.25,Sun Jul 01 07:00:25 +0000 2018,@CNN,0.181,0.686,0.132,"Are mass incarcerations justified or are they a major injustice? #AmericanJail, a new CNN Film, premieres tonight. https://t.co/nS8yFcqs1R",98
299,0.6369,Sun Jul 01 07:00:00 +0000 2018,@CNN,0.0,0.794,0.206,Egypt is building The Grand Egyptian Museum. The cost? More than $1 billion. It will re-house and restore some of t‚Ä¶ https://t.co/xZfeQtPTyq,99
300,0.0,Mon Jul 02 08:00:00 +0000 2018,@FoxNews,0.0,1.0,0.0,".@TomFitton: ""Mueller‚Äôs operation is one of the most secretive I can remember and I‚Äôve been doing this for 20 years‚Ä¶ https://t.co/8HxjPyBzcY",0
301,0.0,Mon Jul 02 07:55:00 +0000 2018,@FoxNews,0.0,1.0,0.0,Driver pays parking ticket 44 years later https://t.co/HsnZItmwCC https://t.co/Umkmkjb5oR,1
302,0.5267,Mon Jul 02 07:48:00 +0000 2018,@FoxNews,0.0,0.714,0.286,President @realDonaldTrump says Saudi Arabia has agreed to increase oil production https://t.co/96jaOjVGly https://t.co/WjFPLKliby,2
303,0.7351,Mon Jul 02 07:45:00 +0000 2018,@FoxNews,0.0,0.733,0.267,.@SenWarren made clear that she is opposed to those on President @realDonaldTrump's short list of Supreme Court nom‚Ä¶ https://t.co/Tdl8BWWDgU,3
304,0.0,Mon Jul 02 07:35:00 +0000 2018,@FoxNews,0.0,1.0,0.0,"Brandon Judd: ‚ÄúWe‚Äôre taking the walls, where we currently have them, we‚Äôre reinforcing those walls‚Ä¶ and we‚Äôre expan‚Ä¶ https://t.co/bJBj3Bbhrk",4
305,0.0,Mon Jul 02 07:30:00 +0000 2018,@FoxNews,0.0,1.0,0.0,"On @foxandfriends, @JudicialWatch President @TomFitton had a question for Robert Mueller. https://t.co/hrnCI6416N https://t.co/I3ceN7p7Gc",5
306,0.0,Mon Jul 02 07:18:00 +0000 2018,@FoxNews,0.0,1.0,0.0,".@dbongino: ""Calls to abolish ICE... will lead to the abolishment of the Democrat Party."" https://t.co/VFfO3XDPVY",6
307,0.0,Mon Jul 02 07:03:00 +0000 2018,@FoxNews,0.0,1.0,0.0,"On Sunday night, President @realDonaldTrump congratulated Andres Manuel Lopez Obrador ""on becoming the next Preside‚Ä¶ https://t.co/xDlIlmeMwg",7
308,0.0,Mon Jul 02 06:55:00 +0000 2018,@FoxNews,0.0,1.0,0.0,"Texas city to fly 40,000 American flags, one at every home, on 4th of July https://t.co/dw9EIyWcAO https://t.co/ru7AdkwoC4",8
309,0.0,Mon Jul 02 06:48:00 +0000 2018,@FoxNews,0.0,1.0,0.0,"On @WattersWorld, @DiamondandSilk slammed Democrats calling for the end of @ICEgov. https://t.co/ImNV0ULObG https://t.co/ijONijMvNv",9
310,0.0,Mon Jul 02 06:40:00 +0000 2018,@FoxNews,0.0,1.0,0.0,"On ""Justice,"" @JudgeJeanine slammed the rising socialist movement in the U.S. https://t.co/tRPFSjD5mw https://t.co/jPMzXwMChB",10
311,-0.5423,Mon Jul 02 06:32:00 +0000 2018,@FoxNews,0.212,0.788,0.0,"President @realDonaldTrump: ""The European Union is possibly as bad as China, just smaller."" https://t.co/k1dIpVH0kt",11
312,-0.7351,Mon Jul 02 06:22:00 +0000 2018,@FoxNews,0.228,0.772,0.0,".@MaxineWaters: ""We are sick and tired of him. He's been there too long. They dare me to say 'Impeach him.' Today I‚Ä¶ https://t.co/LJFooE14ys",12
313,0.3818,Mon Jul 02 06:11:00 +0000 2018,@FoxNews,0.0,0.874,0.126,.@POTUS: ‚ÄúThe big thing that I‚Äôm focused on now is trade. I have to straighten out trade deals.‚Äù #SundayFutures‚Ä¶ https://t.co/9IUhURgTjj,13
314,-0.5423,Mon Jul 02 06:04:01 +0000 2018,@FoxNews,0.22,0.78,0.0,".@QJames: ""That restaurant owner had every right to refuse service to someone who she disagrees with."" @WattersWorld https://t.co/bOwO3uUxqi",14
315,0.5574,Mon Jul 02 05:57:00 +0000 2018,@FoxNews,0.0,0.825,0.175,"""But I‚Äôm putting conservative people on.""

President @realDonaldTrump expects his next Supreme Court pick ‚Äúto go ve‚Ä¶ https://t.co/GrL7Mc1Bfp",15
316,0.7983,Mon Jul 02 05:52:00 +0000 2018,@FoxNews,0.0,0.727,0.273,"""THIS IS WHAT A HERO LOOKS LIKE"": An Arizona woman was saved from a rattlesnake bite on Friday when her puppy jumpe‚Ä¶ https://t.co/fjg5uhbReR",16
317,0.0,Mon Jul 02 05:47:00 +0000 2018,@FoxNews,0.0,1.0,0.0,".@MagicJohnson on making it to the NBA: ""I thought it would happen because I was putting the work in, I was putting‚Ä¶ https://t.co/AA7iJpfumo",17
318,0.8834,Mon Jul 02 05:37:00 +0000 2018,@FoxNews,0.0,0.648,0.352,".@DougWead: ""We are free because we said we are free and we declared it and we celebrate the Declaration of Indepen‚Ä¶ https://t.co/eD6fJDxY5k",18
319,0.6249,Mon Jul 02 05:32:00 +0000 2018,@FoxNews,0.0,0.796,0.204,"On ""Sunday Morning Futures with @MariaBartiromo,"" former Reagan -Bush campaign manager Ed Rollins offered great pra‚Ä¶ https://t.co/bzrdYNU1Ji",19
320,0.4939,Mon Jul 02 05:26:00 +0000 2018,@FoxNews,0.0,0.849,0.151,".@cjscalia: ""I'm confident that based on [@POTUS's] court picks so far... he's going to pick somebody who interpret‚Ä¶ https://t.co/IZP5u9cM7V",20
321,0.0,Mon Jul 02 05:20:00 +0000 2018,@FoxNews,0.0,1.0,0.0,".@POTUS: ‚ÄúThe other side, all they can do is obstruct and resist.‚Äù #SundayFutures @MariaBartiromo https://t.co/pWv7kd9zko",21
322,0.0,Mon Jul 02 05:05:00 +0000 2018,@FoxNews,0.0,1.0,0.0,"Oldest veteran in US, 112, robbed of savings, identity, family says https://t.co/c89oiJY9U4",22
323,0.0,Mon Jul 02 05:00:00 +0000 2018,@FoxNews,0.0,1.0,0.0,"""We signed up for this specific reason to defend our country... We do this for our families. We do it for our fello‚Ä¶ https://t.co/bkOfGVp2jN",23
324,-0.34,Mon Jul 02 04:55:00 +0000 2018,@FoxNews,0.207,0.657,0.136,"On @foxandfriends, @THEHermanCain claimed that ""the Democratic Party has a leadership crisis and a messaging crisis‚Ä¶ https://t.co/H0TPpawGhh",24
325,0.9001,Mon Jul 02 04:49:00 +0000 2018,@FoxNews,0.0,0.577,0.423,".@POTUS on nominating a new Supreme Court Justice: ‚ÄúI‚Äôm going to pick somebody who‚Äôs outstanding. And I think yes,‚Ä¶ https://t.co/nBiVLmYBl1",25
326,0.0,Mon Jul 02 04:45:00 +0000 2018,@FoxNews,0.0,1.0,0.0,"The U.S. Air Force Thunderbirds perform during the Arctic Thunder Open House at Joint Base Elmendorf-Richardson, Al‚Ä¶ https://t.co/WUyRRVQxG3",26
327,0.3612,Mon Jul 02 04:40:00 +0000 2018,@FoxNews,0.0,0.906,0.094,"""I'd like to see some answers as to why we didn't take the server, why the FBI didn't take the server from the DNC.‚Ä¶ https://t.co/WDRvV5AZmN",27
328,-0.763,Mon Jul 02 04:35:00 +0000 2018,@FoxNews,0.305,0.695,0.0,"""That's going to be [@TheDemocrats'] platform - open borders, which equals crime. I think they'll never win another‚Ä¶ https://t.co/jTb3HobnfI",28
329,-0.3071,Mon Jul 02 04:30:00 +0000 2018,@FoxNews,0.117,0.883,0.0,"""The European Union is possibly as bad as China but smaller.""

WATCH: @MariaBartiromo's full interview with Preside‚Ä¶ https://t.co/9LRrMxzMYO",29
330,-0.296,Mon Jul 02 04:25:00 +0000 2018,@FoxNews,0.121,0.879,0.0,"""Our presidents and our business leaders, they were missing in action.""

WATCH: @MariaBartiromo's full interview wi‚Ä¶ https://t.co/hKbt4G3Feo",30
331,0.0,Mon Jul 02 04:19:00 +0000 2018,@FoxNews,0.0,1.0,0.0,"""If you look at steel and aluminum, we practically built a new industry in a period of 4 or 5 months.""

WATCH:‚Ä¶ https://t.co/j4vSSiJyQX",31
332,-0.1779,Mon Jul 02 04:13:00 +0000 2018,@FoxNews,0.175,0.825,0.0,Shark drags woman into crocodile-infested waters in Australia https://t.co/UgWEtpGK7y,32
333,0.8173,Mon Jul 02 04:08:00 +0000 2018,@FoxNews,0.0,0.737,0.263,".@POTUS on the retirement of Justice Kennedy: ‚ÄúI was very honored that he did this during my term, which means he h‚Ä¶ https://t.co/NQQ25GF4Eu",33
334,0.0,Mon Jul 02 04:05:00 +0000 2018,@FoxNews,0.0,1.0,0.0,"""The media puts on quotes of people who say the most extreme items, the most extreme language.""

WATCH:‚Ä¶ https://t.co/5uFbUEj8oy",34
335,-0.296,Mon Jul 02 04:00:01 +0000 2018,@FoxNews,0.196,0.804,0.0,.@POTUS: ‚ÄúThe tax cuts have been incredible.‚Äù #SundayFutures @MariaBartiromo https://t.co/Gw6rhamfv1,35
336,0.2551,Mon Jul 02 04:00:00 +0000 2018,@FoxNews,0.146,0.656,0.198,.@POTUS: ‚ÄúOur unemployment picture overall generally is almost the best in history.‚Äù #SundayFutures @MariaBartiromo https://t.co/cODDv5kKd9,36
337,-0.1531,Mon Jul 02 04:00:00 +0000 2018,@FoxNews,0.111,0.758,0.131,.@POTUS: ‚ÄúThe Democrats want to have no borders. They want to get rid of ICE.‚Äù #SundayFutures @MariaBartiromo https://t.co/nY9uIJUgY2,37
338,-0.5267,Mon Jul 02 03:58:00 +0000 2018,@FoxNews,0.306,0.694,0.0,Battling the despair of opioid addiction in an unexpected place https://t.co/1Xe02jqBzB https://t.co/x7xCLx4FkU,38
339,0.0,Mon Jul 02 03:58:00 +0000 2018,@FoxNews,0.0,1.0,0.0,"In an interview with @MariaBartiromo on ""Sunday Morning Futures,"" President @realDonaldTrump slammed Democrats' imm‚Ä¶ https://t.co/nvP3Sg3Kx7",39
340,0.0,Mon Jul 02 03:51:00 +0000 2018,@FoxNews,0.0,1.0,0.0,".@AlanDersh: ""If [President @realDonaldTrump] wants to unite the country and broaden his own base is to pick a true‚Ä¶ https://t.co/HnS8BL7dSR",40
341,-0.2263,Mon Jul 02 03:40:00 +0000 2018,@FoxNews,0.112,0.888,0.0,19 ICE investigators call for agency to be disbanded in letter amid 'abolish ICE' protests https://t.co/QeYq4p2xp7,41
342,0.0,Mon Jul 02 03:39:14 +0000 2018,@FoxNews,0.0,1.0,0.0,"Moments ago, President @realDonaldTrump congratulated Andres Manuel Lopez Obrador ""on becoming the next President o‚Ä¶ https://t.co/8FAZDNz6lB",42
343,0.0516,Mon Jul 02 03:30:00 +0000 2018,@FoxNews,0.149,0.69,0.161,Passengers evacuate United Express flight via emergency slide after smoke detected in cabin https://t.co/TRUndJoWbl,43
344,0.0,Mon Jul 02 03:21:00 +0000 2018,@FoxNews,0.0,1.0,0.0,"On @foxandfriends, @dbongino slammed Democrats calling for the end of ICE. https://t.co/ImNV0ULObG https://t.co/NYccCIoIsq",44
345,0.0,Mon Jul 02 03:20:16 +0000 2018,@FoxNews,0.0,1.0,0.0,"Moments ago, President @realDonaldTrump congratulated Andres Manuel Lopez Obrador ""on becoming the next President o‚Ä¶ https://t.co/MAwhAzqtz9",45
346,0.0,Mon Jul 02 03:10:00 +0000 2018,@FoxNews,0.0,1.0,0.0,"This morning, @foxandfriends remembered Master Sergeant Mark Evans, the founder of Pizzas 4 Patriots. #ProudAmerican https://t.co/5AR9I1GiBN",46
347,-0.7184,Mon Jul 02 03:00:01 +0000 2018,@FoxNews,0.286,0.714,0.0,".@charliekirk11: ""A primary component of implementing fascist policies would be, let's say, gun confiscation. You h‚Ä¶ https://t.co/Z2t14uc8PO",47
348,0.7506,Mon Jul 02 02:57:56 +0000 2018,@FoxNews,0.0,0.701,0.299,".@seanhannity: ""It's a layup for [Republicans] if they would just follow the courage, the strength, the principles‚Ä¶ https://t.co/63zijiHmu0",48
349,-0.34,Mon Jul 02 02:53:00 +0000 2018,@FoxNews,0.211,0.789,0.0,"'Jolly' janitor weeps upon receiving $2,000 vacation from students https://t.co/698wBVMDJG",49
350,0.0,Mon Jul 02 02:50:50 +0000 2018,@FoxNews,0.0,1.0,0.0,".@seanhannity: ""This is a tipping point for the country."" https://t.co/jz3AYTFlwf",50
351,0.0,Mon Jul 02 02:42:15 +0000 2018,@FoxNews,0.0,1.0,0.0,'Big Bang Theory' star Kaley Cuoco marries Karl Cook in horse-themed ceremony https://t.co/oI4Bdp6BHz,51
352,-0.7964,Mon Jul 02 02:35:56 +0000 2018,@FoxNews,0.423,0.476,0.101,American hunter's images of her black giraffe 'trophy kill' spark outrage https://t.co/Ew7qlL499T,52
353,-0.8442,Mon Jul 02 02:33:37 +0000 2018,@FoxNews,0.455,0.474,0.071,"Notorious French criminal escapes from prison using helicopter, sparks massive manhunt around Paris https://t.co/MwQm54spTi",53
354,0.7202,Mon Jul 02 02:22:42 +0000 2018,@FoxNews,0.067,0.7,0.233,".@seanhannity: ""Now even Democrats can't help but acknowledge how great the Reagan years were‚Äî same thing is going‚Ä¶ https://t.co/tz9UJeryUC",54
355,-0.3804,Mon Jul 02 02:17:50 +0000 2018,@FoxNews,0.202,0.673,0.125,"Sophie Turner says 'Game of Thrones' will be 'bloodier,' promises 'more death' on HBO show https://t.co/rwtZfjAdzY",55
356,0.0,Mon Jul 02 02:17:44 +0000 2018,@FoxNews,0.0,1.0,0.0,".@seanhannity: ""Donald Trump is a transformational president."" https://t.co/Fm28z57Qr0",56
357,-0.5719,Mon Jul 02 02:12:26 +0000 2018,@FoxNews,0.251,0.749,0.0,'Jurassic World: Fallen Kingdom' takes No 1. at the box office for the 2nd time https://t.co/mqzM7NGGGk,57
358,0.5859,Mon Jul 02 02:12:00 +0000 2018,@FoxNews,0.0,0.743,0.257,Left-wing candidate set to win Mexico presidential election as rivals concede https://t.co/lqlCNzEixa,58
359,-0.4404,Mon Jul 02 02:09:30 +0000 2018,@FoxNews,0.195,0.805,0.0,Roseanne Barr claims she's been offered new TV projects since cancellation scandal https://t.co/Mq3U5gErSx,59
360,0.7964,Mon Jul 02 02:04:14 +0000 2018,@FoxNews,0.0,0.756,0.244,".@LisaMarieBoothe: ""We live in the greatest country in the world &amp; we are able to live freely &amp; there are men &amp; wom‚Ä¶ https://t.co/Jslqg9ZPzg",60
361,-0.5106,Mon Jul 02 02:01:41 +0000 2018,@FoxNews,0.231,0.769,0.0,Trump calls US immigration laws 'the dumbest anywhere in the world' https://t.co/JDLs3WDftf,61
362,-0.842,Mon Jul 02 01:57:02 +0000 2018,@FoxNews,0.311,0.689,0.0,".@LisaMarieBoothe: ""Sometimes you don't win. And if you don't win, you need to learn to suck it up, to get back out‚Ä¶ https://t.co/NfFL9Cs0KS",62
363,-0.7496,Mon Jul 02 01:50:32 +0000 2018,@FoxNews,0.285,0.715,0.0,".@LisaMarieBoothe: ""I really worry that we're sort of building a really weak future generation with all the politic‚Ä¶ https://t.co/Zwk3Kh9JWC",63
364,0.2637,Mon Jul 02 01:39:52 +0000 2018,@FoxNews,0.139,0.655,0.206,".@ainsleyearhardt: ""If we could find God and learn to love each other and not be so angry at someone else just beca‚Ä¶ https://t.co/wmmLr8SwSf",64
365,0.0,Mon Jul 02 01:37:58 +0000 2018,@FoxNews,0.0,1.0,0.0,"JUST IN: Mexico's left-wing candidate Andres Manuel Lopez Obrador takes big lead in presidential election, exit pol‚Ä¶ https://t.co/SMPV1qF41s",65
366,-0.25,Mon Jul 02 01:35:46 +0000 2018,@FoxNews,0.105,0.895,0.0,Demonstrators protest outside of the Red Hen restaurant that kicked out @WhiteHouse @PressSec Sarah Sanders and her‚Ä¶ https://t.co/cDhQSRb3Dq,66
367,0.6515,Mon Jul 02 01:34:13 +0000 2018,@FoxNews,0.09,0.616,0.295,".@ainsleyearhardt: ""You can't lose faith and you have to trust God through each situation, each season in your life‚Ä¶ https://t.co/R7UHLTRpT1",67
368,-0.2755,Mon Jul 02 01:31:00 +0000 2018,@FoxNews,0.091,0.909,0.0,".@LisaMarieBoothe: ""Let the @POTUS govern and if you don't like it, show up at the midterm elections or show up at‚Ä¶ https://t.co/1DqZNKRPP1",68
369,-0.5994,Mon Jul 02 01:30:24 +0000 2018,@FoxNews,0.17,0.83,0.0,".@GovMikeHuckabee on restaurant kicking out @PressSec: ""It was first an example of bullying and it was an example o‚Ä¶ https://t.co/x9jKr4xG6y",69
370,0.1027,Mon Jul 02 01:26:00 +0000 2018,@FoxNews,0.078,0.825,0.097,".@GovMikeHuckabee: ""A lot [of] Americans seem to miss this important point‚Äî  our founders gave us the most magnific‚Ä¶ https://t.co/tFcmH50jcp",70
371,0.1027,Mon Jul 02 01:20:54 +0000 2018,@FoxNews,0.0,0.928,0.072,The U.S. Air Force Thunderbirds Demonstration Team performs during the Arctic Thunder Open House at Joint Base Elme‚Ä¶ https://t.co/mSseA2lMPJ,71
372,0.0772,Mon Jul 02 01:15:14 +0000 2018,@FoxNews,0.0,0.92,0.08,".@LisaMarieBoothe: ""[Democrats] want to be in charge of...our lives from start to finish essentially."" @NextRevFNC https://t.co/71s4W6wQLv",72
373,-0.5267,Mon Jul 02 01:13:00 +0000 2018,@FoxNews,0.328,0.672,0.0,Battling the despair of opioid addiction in an unexpected place https://t.co/dJepvNew0v,73
374,0.0,Mon Jul 02 01:10:12 +0000 2018,@FoxNews,0.0,1.0,0.0,".@SteveHiltonx: ""The melting pot, decentralized government, a republic of equals, a Constitution enshrining the pre‚Ä¶ https://t.co/aGJ1g76vou",74
375,0.7983,Mon Jul 02 01:05:18 +0000 2018,@FoxNews,0.0,0.727,0.273,"THIS IS WHAT A HERO LOOKS LIKE"": An Arizona woman was saved from a rattlesnake bite on Friday when her puppy jumped‚Ä¶ https://t.co/5oXJ1mDARj",75
376,0.0,Mon Jul 02 00:57:29 +0000 2018,@FoxNews,0.0,1.0,0.0,UCLA professor dies in 'mummification' ritual at Hollywood executive's home https://t.co/J8IDu2fmvv,76
377,0.0,Mon Jul 02 00:47:44 +0000 2018,@FoxNews,0.0,1.0,0.0,"$45,000-per-year private school in uproar over plan to 'segregate' students by race https://t.co/GayeAO77b7",77
378,-0.2023,Mon Jul 02 00:42:00 +0000 2018,@FoxNews,0.13,0.87,0.0,Florida professor charged with stalking student; allegedly sent 800 texts in 1 day https://t.co/Vt7Szk4icG,78
379,0.0,Mon Jul 02 00:37:07 +0000 2018,@FoxNews,0.0,1.0,0.0,"Blindfolded, bound bodies found hanging at home in India https://t.co/9Af466XIn6",79
380,-0.7717,Mon Jul 02 00:29:52 +0000 2018,@FoxNews,0.427,0.573,0.0,"Illegal immigrant arrested for starting wildfire in Colorado, police say https://t.co/NvMUF9d334",80
381,0.5106,Mon Jul 02 00:25:18 +0000 2018,@FoxNews,0.0,0.784,0.216,BREAKING: LeBron James signs massive free agent deal with Los Angeles Lakers   https://t.co/AHR2X6rNzQ,81
382,0.0,Mon Jul 02 00:20:49 +0000 2018,@FoxNews,0.0,1.0,0.0,".@MagicJohnson on telling his wife he had HIV: ""That was the hardest thing I ever had to do, was to drive home and‚Ä¶ https://t.co/PydYNVznRh",82
383,0.0,Mon Jul 02 00:13:27 +0000 2018,@FoxNews,0.0,1.0,0.0,"""Somebody's already called Dr. J, somebody's already called Big E, I'm gonna call you Magic."" 

On #OBJECTified,‚Ä¶ https://t.co/3cWgNVv4xA",83
384,0.0,Mon Jul 02 00:09:03 +0000 2018,@FoxNews,0.0,1.0,0.0,".@MagicJohnson on making it to the NBA: ""I thought it would happen because I was putting the work in, I was putting‚Ä¶ https://t.co/dldo4uG2A0",84
385,0.0,Mon Jul 02 00:00:00 +0000 2018,@FoxNews,0.0,1.0,0.0,RIGHT NOW: An all-new season of 'OBJECTified' premieres with NBA legend @MagicJohnson! Tune in to Fox News Channel! https://t.co/gJhucUyc5l,85
386,-0.3089,Sun Jul 01 23:58:46 +0000 2018,@FoxNews,0.101,0.899,0.0,"In an op-ed, Peggy Grande discusses her former boss, President Ronald Reagan and how he ""never engaged in the polit‚Ä¶ https://t.co/UdhAXIrcRW",86
387,0.0,Sun Jul 01 23:50:14 +0000 2018,@FoxNews,0.0,1.0,0.0,"German ‚ÄòStonehenge‚Äô site reveals 10 dismembered bodies of women, children https://t.co/HYTt7IUAhn",87
388,0.0,Sun Jul 01 23:42:36 +0000 2018,@FoxNews,0.0,1.0,0.0,".@MoElleithee on calls to abolish ICE: ""Reform, I think, makes sense. Abolition, I think, takes the spotlight off o‚Ä¶ https://t.co/mPbSNU8c75",88
389,0.3412,Sun Jul 01 23:39:24 +0000 2018,@FoxNews,0.0,0.853,0.147,"During an interview Sunday, @RepMaxineWaters said she won't be intimidated by the comments President‚Ä¶ https://t.co/BaoEj5W1hx",89
390,0.8439,Sun Jul 01 23:30:11 +0000 2018,@FoxNews,0.0,0.638,0.362,"Leonard Leo on picking a new Supreme Court justice: ""The most important thing here is a record showing fairness, so‚Ä¶ https://t.co/Ur51aT0OiM",90
391,0.4391,Sun Jul 01 23:14:38 +0000 2018,@FoxNews,0.0,0.862,0.138,".@AmbJohnBolton: ""We've seen how the North Koreans have behaved before. The president has been very clear he's not‚Ä¶ https://t.co/3LYjC3WixI",91
392,0.0,Sun Jul 01 23:12:59 +0000 2018,@FoxNews,0.0,1.0,0.0,".@AmbJohnBolton on Trump, Putin meeting: ""[@POTUS] wants to understand the Russian position and perhaps more import‚Ä¶ https://t.co/IptAInyy4A",92
393,0.2716,Sun Jul 01 23:08:05 +0000 2018,@FoxNews,0.0,0.896,0.104,".@AmbJohnBolton on Trump, Putin meeting: ""It's very important to have this bilateral meeting, not on the margins of‚Ä¶ https://t.co/Dpo9aH19ck",93
394,0.0,Sun Jul 01 23:01:08 +0000 2018,@FoxNews,0.0,1.0,0.0,An all-new season of 'OBJECTified' premieres tonight with NBA legend @MagicJohnson! Tune in to Fox News Channel at‚Ä¶ https://t.co/MPIgKKlpO3,94
395,-0.34,Sun Jul 01 23:00:49 +0000 2018,@FoxNews,0.207,0.657,0.136,"On @foxandfriends, @THEHermanCain claimed that ""the Democratic Party has a leadership crisis and a messaging crisis‚Ä¶ https://t.co/jqK1kebGRa",95
396,-0.5267,Sun Jul 01 22:52:57 +0000 2018,@FoxNews,0.306,0.694,0.0,Battling the despair of opioid addiction in an unexpected place https://t.co/1Xe02jqBzB https://t.co/0SU1Hd5hjy,96
397,0.1779,Sun Jul 01 22:42:48 +0000 2018,@FoxNews,0.107,0.756,0.138,U.S. intelligence officials believe North Korea has been deceiving the U.S. when it comes to their nuclear program.‚Ä¶ https://t.co/DnQdC7F1w4,97
398,0.1511,Sun Jul 01 22:36:56 +0000 2018,@FoxNews,0.0,0.874,0.126,".@RepMaxineWaters 'surprised' by fellow Democrats' rebukes, says Trump won't intimidate her https://t.co/5GNQKnRtqY",98
399,0.0,Sun Jul 01 22:31:46 +0000 2018,@FoxNews,0.0,1.0,0.0,.@realDonaldTrump crashes wedding at Bedminster golf club https://t.co/mEtiUXyJRk,99
400,0.7351,Mon Jul 02 08:00:07 +0000 2018,@nytimes,0.0,0.744,0.256,"RT @nytimesworld: ""France loves Simone Veil,"" President Emmanuel Macron said in tribute to the Holocaust survivor and women's rights champi‚Ä¶",0
401,0.0,Mon Jul 02 07:44:00 +0000 2018,@nytimes,0.0,1.0,0.0,"Starting at the age of 1, ""ghetto children"" must be separated from their families for at least 25 hours a week, not‚Ä¶ https://t.co/9G8QxbvwVW",1
402,0.3182,Mon Jul 02 07:30:14 +0000 2018,@nytimes,0.0,0.909,0.091,RT @nytimesworld: Hong Kong was returned to China in 1997 with the promise that it could maintain its own political and economic systems fo‚Ä¶,2
403,0.0,Mon Jul 02 07:10:40 +0000 2018,@nytimes,0.0,1.0,0.0,5 Cheap(ish) Things to Get You Started With Trail Running https://t.co/hKuUlnrdmr,3
404,-0.25,Mon Jul 02 07:07:21 +0000 2018,@nytimes,0.186,0.711,0.103,"In its loving, fierce specificity, this book on how to die invites not just awe or dread, but curiosity. https://t.co/nOtV3daJLk",4
405,0.4404,Mon Jul 02 06:51:16 +0000 2018,@nytimes,0.0,0.838,0.162,"Long Beach offers good food, cultural diversity, a thriving LGBT community, and some unparalleled wildlife viewing‚Ä¶ https://t.co/gH98D5EwoS",5
406,-0.5994,Mon Jul 02 06:35:01 +0000 2018,@nytimes,0.197,0.803,0.0,"In @NYTOpinion,

Emma Brockes writes, ""There are no fights about who should get up in the middle of the night, beca‚Ä¶ https://t.co/yUT5bbkivS",6
407,0.34,Mon Jul 02 06:18:48 +0000 2018,@nytimes,0.066,0.802,0.132,His folksy manner delivers down-home truths: Don‚Äôt get swept up in trendy investments; pay off your debts; analyze‚Ä¶ https://t.co/8OOP1TA1mm,7
408,0.296,Mon Jul 02 06:02:47 +0000 2018,@nytimes,0.0,0.872,0.128,Our 5 Frugal Traveler columnists share all the tips they've collected over the past 25 years https://t.co/cGnd27bDf3,8
409,0.3612,Mon Jul 02 05:45:09 +0000 2018,@nytimes,0.0,0.828,0.172,"‚ÄúI promised her,‚Äù he said, ‚Äúthat we would be buried together.‚Äù
Oh.
https://t.co/iKGDcgu4gs",9
410,-0.1695,Mon Jul 02 05:27:51 +0000 2018,@nytimes,0.07,0.93,0.0,"If you know the big twist in ""Bao,"" the Pixar short running with ""Incredibles 2,"" you might not be surprised to hea‚Ä¶ https://t.co/ZecFSM7Wja",10
411,0.0,Mon Jul 02 05:10:55 +0000 2018,@nytimes,0.0,1.0,0.0,"Picking a bag? First, figure out your travel personality. https://t.co/9WdtlGQhAQ",11
412,0.0772,Mon Jul 02 04:54:20 +0000 2018,@nytimes,0.0,0.933,0.067,"Parents, we want to hear about the strategies you use to get through the summer when school's out https://t.co/Mpu8cC6UQ7",12
413,0.0,Mon Jul 02 04:36:44 +0000 2018,@nytimes,0.0,1.0,0.0,"Deal to Return Dell to Public Trading, but Still in Its Founder‚Äôs Hands https://t.co/6wCMlijVuy",13
414,0.0,Mon Jul 02 04:27:33 +0000 2018,@nytimes,0.0,1.0,0.0,"109 musicians. 3 conductors. It's one of the 20th century‚Äôs most monumental pieces of music, and it's ""irritatingly‚Ä¶ https://t.co/JZZU6sX6cq",14
415,0.4404,Mon Jul 02 04:10:52 +0000 2018,@nytimes,0.0,0.818,0.182,London bumblebees may be faring better than their cousins on the English countryside https://t.co/It4f9GVDqx,15
416,0.6369,Mon Jul 02 03:54:12 +0000 2018,@nytimes,0.0,0.769,0.231,"The future of tech is screen-less, and it could be glorious, says Farhad Manjoo https://t.co/2Zfuq9IIrD",16
417,-0.4404,Mon Jul 02 03:38:32 +0000 2018,@nytimes,0.266,0.734,0.0,"In Denmark, Harsh New Laws for Immigrant ‚ÄòGhettos‚Äô https://t.co/LFccEAv9NV",17
418,0.0,Mon Jul 02 03:29:06 +0000 2018,@nytimes,0.0,1.0,0.0,Angela Merkel Seemed to Get a Reprieve Over Migrants. It Didn‚Äôt Last. https://t.co/2HHNkLxkAR,18
419,0.0,Mon Jul 02 03:13:09 +0000 2018,@nytimes,0.0,1.0,0.0,"Meet the 26-year-old who writes @MTA alerts that tell subway riders of delays, and why they're happening https://t.co/ataCAGTUwB",19
420,0.0,Mon Jul 02 02:55:20 +0000 2018,@nytimes,0.0,1.0,0.0,"Sven, the reindeer from ""Frozen,"" almost didn‚Äôt make it to Broadway. Here‚Äôs how a puppeteer brought him to life. https://t.co/FdpEEF3tjw",20
421,0.0,Mon Jul 02 02:40:45 +0000 2018,@nytimes,0.0,1.0,0.0,"The creators of an anonymous Instagram account called Diet Madison Avenue, which solicited reports of sexual miscon‚Ä¶ https://t.co/AgMwmjAwcF",21
422,0.0,Mon Jul 02 02:25:31 +0000 2018,@nytimes,0.0,1.0,0.0,"A neighbor called the police on a 12-year-old boy mowing grass. ‚ÄúIf they would have been four white children, the p‚Ä¶ https://t.co/zKgyPJoGra",22
423,0.5719,Mon Jul 02 02:08:46 +0000 2018,@nytimes,0.0,0.748,0.252,Leftist Wins Mexico Presidency in Landslide With Mandate to Reshape Nation https://t.co/oFaNWHTZHP,23
424,0.802,Mon Jul 02 02:01:39 +0000 2018,@nytimes,0.0,0.687,0.313,"Keeping cool indoors? Here are the best movies and TV shows coming to Netflix, Amazon, Hulu and HBO in July. https://t.co/HxoQVsRJMc",24
425,0.0,Mon Jul 02 01:52:45 +0000 2018,@nytimes,0.0,1.0,0.0,"Breaking News: Andr√©s Manuel L√≥pez Obrador, Mexico‚Äôs leftist presidential candidate, was handed a resounding victor‚Ä¶ https://t.co/LwLjjdXOPN",25
426,0.34,Mon Jul 02 01:43:33 +0000 2018,@nytimes,0.0,0.876,0.124,A South Carolina woman has been nicknamed Pool Patrol Paula after a widely shared video showed her accosting a blac‚Ä¶ https://t.co/RW5BDuIJxl,26
427,0.0,Mon Jul 02 01:26:49 +0000 2018,@nytimes,0.0,1.0,0.0,Man Faces Arson Charge in Connection With Colorado Wildfire https://t.co/a0EeYt2GkA,27
428,0.5267,Mon Jul 02 01:24:18 +0000 2018,@nytimes,0.093,0.664,0.243,"Did the earliest mammals retain their testicles, like elephants, or did they let their family jewels drop? https://t.co/WN4s8EFI9w",28
429,0.0,Mon Jul 02 01:08:11 +0000 2018,@nytimes,0.0,1.0,0.0,"Adrian Piper hasn‚Äôt set foot in the U.S. since 2006. In 2012, she ‚Äúretired from being black.‚Äù https://t.co/faJwUuTbWw",29
430,0.0,Mon Jul 02 00:50:49 +0000 2018,@nytimes,0.0,1.0,0.0,LeBron James Heading West in Deal With Lakers https://t.co/30Po9MOsHX,30
431,0.0258,Mon Jul 02 00:35:47 +0000 2018,@nytimes,0.155,0.683,0.161,"As Bolton Says North Korea Could Disarm in a Year, Reality Lags Promises https://t.co/SBaSLruGSE",31
432,0.0,Mon Jul 02 00:28:35 +0000 2018,@nytimes,0.0,1.0,0.0,"Scott Rogowsky hasn‚Äôt had a real vacation since last July. And even on Sundays, he can‚Äôt let down his ""HQties."" https://t.co/M0YNXSMwHl",32
433,-0.2023,Mon Jul 02 00:08:47 +0000 2018,@nytimes,0.091,0.909,0.0,Immigrant families are being charged thousands of dollars in airfare to get children out of federally contracted mi‚Ä¶ https://t.co/bLARuUROQn,33
434,0.0,Sun Jul 01 23:52:21 +0000 2018,@nytimes,0.0,1.0,0.0,"San Francisco offers a case study of how high housing costs alter the economics of everything else, including resta‚Ä¶ https://t.co/bPbxuxil1M",34
435,0.4927,Sun Jul 01 23:35:20 +0000 2018,@nytimes,0.0,0.827,0.173,"In more than 20 of the most competitive House races of 2018, the share of Democrats voting in primaries notably inc‚Ä¶ https://t.co/Y7kFqS4WdP",35
436,-0.9112,Sun Jul 01 23:18:42 +0000 2018,@nytimes,0.391,0.609,0.0,Most of the victims of the suicide bombing in Jalalabad ‚Äî including 17 of those killed ‚Äî were from the minority Sik‚Ä¶ https://t.co/W4WgW3kcnr,36
437,0.7351,Sun Jul 01 23:00:06 +0000 2018,@nytimes,0.0,0.721,0.279,"""France loves Simone Veil,"" President Macron said in tribute to the Holocaust survivor and women's rights champion‚Ä¶ https://t.co/nTp9gNiST6",37
438,-0.3612,Sun Jul 01 22:45:37 +0000 2018,@nytimes,0.185,0.815,0.0,What is costs to be smuggled across the U.S. border https://t.co/OQlNxi8DB6 https://t.co/VcvM59UwTF,38
439,0.0,Sun Jul 01 22:30:07 +0000 2018,@nytimes,0.0,1.0,0.0,"Meet the 26-year-old who writes @MTA alerts that tell subway riders of delays, and why they're happening https://t.co/BR6IgZet9S",39
440,0.0,Sun Jul 01 22:15:07 +0000 2018,@nytimes,0.0,1.0,0.0,"The creators of an anonymous Instagram account called Diet Madison Avenue, which solicited reports of sexual miscon‚Ä¶ https://t.co/9V7BFnycXC",40
441,0.0,Sun Jul 01 22:07:07 +0000 2018,@nytimes,0.0,1.0,0.0,High schools across the country have pushed back this year against student journalists who have reported on sensiti‚Ä¶ https://t.co/LXkZ5zyM9Q,41
442,-0.6486,Sun Jul 01 22:07:01 +0000 2018,@nytimes,0.17,0.83,0.0,"11 members of a family were found dead at their home near New Delhi, most of them hanged from the ceiling, blindfol‚Ä¶ https://t.co/Ikz1PrOP1D",42
443,0.0,Sun Jul 01 22:06:55 +0000 2018,@nytimes,0.0,1.0,0.0,The Summer of Josh Brolin swelters on https://t.co/LM7h6Pzr7n,43
444,-0.5719,Sun Jul 01 22:06:39 +0000 2018,@nytimes,0.242,0.685,0.073,"In Opinion

Op-Ed contributor Avi Klein writes, ""Shame is the emotional weapon that allows patriarchal behaviors to‚Ä¶ https://t.co/KJ50k4r3hb",44
445,0.9169,Sun Jul 01 21:24:10 +0000 2018,@nytimes,0.0,0.502,0.498,"A grateful nation honors a great woman: The remains of Simone Veil, Holocaust survivor and women's rights champion,‚Ä¶ https://t.co/u5nfezapvY",45
446,0.5719,Sun Jul 01 21:00:05 +0000 2018,@nytimes,0.0,0.773,0.227,"Donald Ritchie, one of the world‚Äôs top ultrarunners, set more than a dozen records traversing distances better suit‚Ä¶ https://t.co/bXaTKHFzQH",46
447,0.802,Sun Jul 01 20:53:37 +0000 2018,@nytimes,0.0,0.69,0.31,"Liliane Montevecchi, a French-born actress, singer and dancer, won a Tony Award for her showstopping role as the pr‚Ä¶ https://t.co/eiYrXXcaXB",47
448,-0.7269,Sun Jul 01 20:47:49 +0000 2018,@nytimes,0.253,0.747,0.0,"Croatia beat Denmark in the World Cup. Next they‚Äôll face Russia, which defeated Spain on penalty kicks in a stunnin‚Ä¶ https://t.co/kXOb1GVpcZ",48
449,0.4404,Sun Jul 01 20:45:07 +0000 2018,@nytimes,0.0,0.854,0.146,"At The Mount Sinai Hospital, therapists are working on normalizing life for young patients. Their creative treatmen‚Ä¶ https://t.co/ksgNvamcwP",49
450,0.0,Sun Jul 01 20:36:31 +0000 2018,@nytimes,0.0,1.0,0.0,"Here comes the lottery of penalties. We‚Äôll give you all the action, kick by kick. https://t.co/cpdn7wUDya",50
451,-0.2023,Sun Jul 01 20:30:09 +0000 2018,@nytimes,0.091,0.909,0.0,Immigrant families are being charged thousands of dollars in airfare to get children out of federally contracted mi‚Ä¶ https://t.co/BfaEQWbBdh,51
452,0.2023,Sun Jul 01 20:15:05 +0000 2018,@nytimes,0.0,0.833,0.167,"Here are the week‚Äôs top stories, and a look ahead https://t.co/GZBfnFOxdW",52
453,0.0,Sun Jul 01 20:07:04 +0000 2018,@nytimes,0.0,1.0,0.0,"‚ÄúYou get rid of ICE, you‚Äôre going to have a country that you‚Äôre going to be afraid to walk out of your house,‚Äù Pres‚Ä¶ https://t.co/5uUvK0E6Iz",53
454,0.0,Sun Jul 01 20:00:17 +0000 2018,@nytimes,0.0,1.0,0.0,Here are some ideas for what to cook this week https://t.co/IaAXTQXAec,54
455,0.0,Sun Jul 01 19:45:05 +0000 2018,@nytimes,0.155,0.69,0.155,"The travel ban covering people from 7 countries, upheld by the Supreme Court, includes provisions for exceptions. B‚Ä¶ https://t.co/xHm0x8GoEE",55
456,0.34,Sun Jul 01 19:30:16 +0000 2018,@nytimes,0.0,0.876,0.124,A South Carolina woman has been nicknamed Pool Patrol Paula after a widely shared video showed her accosting a blac‚Ä¶ https://t.co/00GDZrj3jM,56
457,0.0,Sun Jul 01 19:15:07 +0000 2018,@nytimes,0.0,1.0,0.0,FEMA's temporary sheltering assistance program was scheduled to end Saturday night. For Puerto Rican families livin‚Ä¶ https://t.co/BoSM4Yhfw8,57
458,-0.2223,Sun Jul 01 19:00:09 +0000 2018,@nytimes,0.19,0.688,0.122,"‚ÄúI‚Äôm not 20. I don‚Äôt want to be 20, but I‚Äôm really freaking cool. That‚Äôs what I think about when I‚Äôm posting a phot‚Ä¶ https://t.co/dttTdmf1HM",58
459,-0.6249,Sun Jul 01 18:45:05 +0000 2018,@nytimes,0.242,0.758,0.0,Thousands turned out Saturday to criticize the separation and detention of migrant families who crossed the border‚Ä¶ https://t.co/iAlJLR9TrQ,59
460,-0.1027,Sun Jul 01 18:30:06 +0000 2018,@nytimes,0.092,0.833,0.075,These photos from the World Cup group stage are missing one important element ‚Äì the ball. See if you can guess wher‚Ä¶ https://t.co/XYw0FsCb2j,60
461,0.0,Sun Jul 01 18:19:15 +0000 2018,@nytimes,0.0,1.0,0.0,Denmark and Croatia are tied 1-1 early in the first half https://t.co/Gm4vrsM9xN,61
462,0.802,Sun Jul 01 18:15:04 +0000 2018,@nytimes,0.0,0.687,0.313,"Keeping cool indoors? Here are the best movies and TV shows coming to Netflix, Amazon, Hulu and HBO in July. https://t.co/EALJnBYEy1",62
463,-0.7964,Sun Jul 01 18:00:06 +0000 2018,@nytimes,0.262,0.738,0.0,5 people died and more than 200 were sickened in an outbreak of E. coli connected to romaine lettuce that started i‚Ä¶ https://t.co/3weUXf8jOv,63
464,0.0516,Sun Jul 01 17:45:07 +0000 2018,@nytimes,0.082,0.824,0.094,"4 leaders in 5 years? In a challenging time for performing-arts organizations, Lincoln Center has been challenged b‚Ä¶ https://t.co/jRLRI8T4tf",64
465,-0.4927,Sun Jul 01 17:30:02 +0000 2018,@nytimes,0.176,0.824,0.0,Dozens of candidates assassinated. Scores more intimidated into dropping their bids for elected office. Politicians‚Ä¶ https://t.co/X8BPTjowhW,65
466,0.6705,Sun Jul 01 17:15:08 +0000 2018,@nytimes,0.0,0.744,0.256,"Senator Susan Collins, a moderate Maine Republican whose vote could prove decisive in filling the Supreme Court‚Äôs v‚Ä¶ https://t.co/pW0oqKz25S",66
467,-0.1531,Sun Jul 01 17:00:04 +0000 2018,@nytimes,0.205,0.667,0.129,"Musicians who support the Boycott, Divestment and Sanctions movement to protest Israel are running into difficultie‚Ä¶ https://t.co/LampIvpgn2",67
468,-0.128,Sun Jul 01 16:46:37 +0000 2018,@nytimes,0.149,0.724,0.127,"Russia was considered one of the weakest teams in the tournament, and Spain one of the favorites https://t.co/4SBUOszYKg",68
469,0.3818,Sun Jul 01 16:45:07 +0000 2018,@nytimes,0.0,0.874,0.126,"When Humphrey Bogart and Ingrid Bergman kissed there in ""Casablanca,"" Rick's Cafe was not real. It is now. https://t.co/mTACoTwbmO",69
470,-0.7269,Sun Jul 01 16:44:36 +0000 2018,@nytimes,0.289,0.711,0.0,Russia defeated Spain in penalty kicks to advance to the quarterfinals of the 2018 World Cup https://t.co/cQ9XmYGkgv,70
471,-0.4588,Sun Jul 01 16:38:19 +0000 2018,@nytimes,0.158,0.842,0.0,This World Cup knockout matchup between Spain and Russia ‚Äî tied 1-1 ‚Äî has gone to penalty kicks https://t.co/XnglP72NVv,71
472,0.34,Sun Jul 01 16:30:03 +0000 2018,@nytimes,0.0,0.888,0.112,"They stood up and said #MeToo. But what happened after these women and men shared their long-secret stories? 

Here‚Ä¶ https://t.co/EDhmiHNq9J",72
473,0.6908,Sun Jul 01 16:15:06 +0000 2018,@nytimes,0.0,0.769,0.231,"In 2011, Fox News gave Donald Trump a perch. Now as president, it‚Äôs his bullhorn, his safe haven and a talent pool‚Ä¶ https://t.co/Nfv4BTaXvC",73
474,-0.4019,Sun Jul 01 16:00:14 +0000 2018,@nytimes,0.231,0.769,0.0,"Of the 9 injured in the mass stabbing, 6 were children https://t.co/QNoLxPF704",74
475,-0.6705,Sun Jul 01 15:55:37 +0000 2018,@nytimes,0.216,0.784,0.0,"Extra time. Spain has struggled to find an attack and are tied with Russia, 1-1, in this World Cup knockout match https://t.co/xliPkgQDgU",75
476,0.0,Sun Jul 01 15:45:10 +0000 2018,@nytimes,0.0,1.0,0.0,Thousands of Hong Kong residents marched to observe the 21st anniversary of the territory‚Äôs return to China from Br‚Ä¶ https://t.co/2ngSPQ3YmS,76
477,-0.5994,Sun Jul 01 15:30:11 +0000 2018,@nytimes,0.187,0.813,0.0,The death toll on was particularly high even in a country where deadly crashes are all too common https://t.co/3mpMP5qdzB,77
478,0.0,Sun Jul 01 15:15:06 +0000 2018,@nytimes,0.0,1.0,0.0,President Trump said he ‚Äúwatched ICE liberate towns from the grasp of MS-13.‚Äù Here‚Äôs a fact-check. https://t.co/CGITaCnpdx,78
479,-0.1027,Sun Jul 01 15:00:12 +0000 2018,@nytimes,0.142,0.737,0.121,Mexico's 4 presidential contenders have all offered themselves as the solution to the country‚Äôs myriad problems https://t.co/etA11q2Mgt,79
480,-0.4588,Sun Jul 01 14:45:17 +0000 2018,@nytimes,0.188,0.812,0.0,"Russia tied the game with Spain, 1-1, on a penalty kick by Artem Dzyuba https://t.co/zngvmWqQMw",80
481,-0.4588,Sun Jul 01 14:30:08 +0000 2018,@nytimes,0.211,0.789,0.0,"In Opinion

Op-Ed contributor Cleuci de Oliveira writes, ""Neymar‚Äôs words revealed the tricky, often contradictory w‚Ä¶ https://t.co/4iOxWjm86k",81
482,0.6124,Sun Jul 01 14:20:07 +0000 2018,@nytimes,0.0,0.783,0.217,A record number of women won Nevada‚Äôs primaries in June. And there is now a possibility for the Legislature to have‚Ä¶ https://t.co/kGhl03Sb8u,82
483,0.0,Sun Jul 01 14:10:02 +0000 2018,@nytimes,0.0,1.0,0.0,"A neighbor called the police on a 12-year-old boy mowing grass. ‚ÄúIf they would have been four white children, the p‚Ä¶ https://t.co/EsCFu5V4Fw",83
484,0.3818,Sun Jul 01 14:10:00 +0000 2018,@nytimes,0.0,0.843,0.157,California banning soda taxes? A new strategy by the soda industry is stunning some lawmakers. https://t.co/OvtLWZMxFK,84
485,-0.6486,Sun Jul 01 13:51:01 +0000 2018,@nytimes,0.323,0.677,0.0,11 Family Members Are Found Dead Near New Delhi https://t.co/UJ7WxoSCBb,85
486,0.6908,Sun Jul 01 13:49:39 +0000 2018,@nytimes,0.0,0.737,0.263,Canada‚Äôs reckoning with its treatment of Indigenous peoples has been ongoing. Hockey plays a role in celebrating th‚Ä¶ https://t.co/hpoANkSVP8,86
487,0.0,Sun Jul 01 13:33:08 +0000 2018,@nytimes,0.0,1.0,0.0,Spain vs. Russia: World Cup 2018 Live https://t.co/9MuPvjKa1b,87
488,0.5267,Sun Jul 01 13:27:36 +0000 2018,@nytimes,0.0,0.833,0.167,"According to conventional wisdom, audiences for documentaries live on the coasts and vote Democratic. But these are‚Ä¶ https://t.co/UY4VOveCY7",88
489,0.0,Sun Jul 01 13:10:05 +0000 2018,@nytimes,0.0,1.0,0.0,"20 people who stepped forward and said #MeToo told us, in their own words, what came after they spoke up.‚Ä¶ https://t.co/zp91npQpLd",89
490,-0.1779,Sun Jul 01 13:01:03 +0000 2018,@nytimes,0.136,0.755,0.109,Spain‚Äôs World Cup began in disarray after its coach was fired 24 hours before the tournament. Thanks to a mix of re‚Ä¶ https://t.co/IhlbIUq4MC,90
491,-0.34,Sun Jul 01 12:43:22 +0000 2018,@nytimes,0.107,0.893,0.0,"In 2014, he left Columbia University for an ISIS camp in Syria. It was a mistake: ‚ÄúI was surrounded by emptiness,‚Äù‚Ä¶ https://t.co/owtpb0mZnk",91
492,-0.4404,Sun Jul 01 12:24:37 +0000 2018,@nytimes,0.162,0.838,0.0,Atlantic City's decline was steep and painful. Can sports betting spur a turnaround on the Boardwalk? https://t.co/VyVcY0HmMm,92
493,0.0,Sun Jul 01 12:08:21 +0000 2018,@nytimes,0.0,1.0,0.0,"More than 7,600 players have skated in the NHL in the 100 years of its history. Only about 80 have been of Indigeno‚Ä¶ https://t.co/6gwTrGdv3o",93
494,0.1901,Sun Jul 01 11:52:12 +0000 2018,@nytimes,0.0,0.911,0.089,"U.S. politicians talk a lot about the importance of families, but their policies don't match up to their words https://t.co/m3bk8mHuWh",94
495,0.0,Sun Jul 01 11:34:04 +0000 2018,@nytimes,0.0,1.0,0.0,"A new version of the 1040 income tax form may be postcard-size, but smaller is not necessarily simpler https://t.co/dt8PdwPlRD",95
496,0.0,Sun Jul 01 11:17:31 +0000 2018,@nytimes,0.0,1.0,0.0,The Call of the American Lotus https://t.co/dpduT2pcOx,96
497,0.296,Sun Jul 01 11:03:23 +0000 2018,@nytimes,0.0,0.901,0.099,"""These Timehops have become a key part of the routine by which, each morning, I try to restore my sense of self"" https://t.co/IoK1ZCWfyY",97
498,0.0,Sun Jul 01 10:45:03 +0000 2018,@nytimes,0.0,1.0,0.0,"Video from local Syrian activists showed crowds gathered at the border chanting ""Jordan, open the border!"" https://t.co/4UaIDiyg6V",98
499,0.0,Sun Jul 01 10:26:59 +0000 2018,@nytimes,0.0,1.0,0.0,Encounters: Playboi Carti Conquers the Paris Runway https://t.co/KkC76vzqoT,99
